menu,node_count,node_types,variant,workload,n,seed,fanout_target,groups,zipf_s,run,operation,seconds,ops,mops_per_sec,keys,node4,node16,node32,node48,node256,internal_nodes,leaves,internal_node_bytes,leaf_bytes,total_bytes,bytes_per_key,avg_leaf_depth,max_leaf_depth,fanout_0_4,fanout_5_16,fanout_17_32,fanout_33_48,fanout_49_64,fanout_65_256,node64,node4_bytes,node16_bytes,node32_bytes,node48_bytes,node64_bytes,node256_bytes,node2,node5,node2_bytes,node5_bytes,fanout_1_2,fanout_3_5,fanout_6_16,unique_keys,duplicate_keys
count1_node256,1,NODE256,count1_node256,dense_uint64,100000,1,0,0,0,0,insert,0.003974000,100000,25.163563,100000,0,0,0,0,394,394,100000,813216,2400000,3213216,32.132,8.000,8,1,0,0,0,0,393,0,0,0,0,0,0,813216,0,0,0,0,1,0,0,100000,0
count1_node256,1,NODE256,count1_node256,dense_uint64,100000,1,0,0,0,0,lookup_success,0.002511000,100000,39.824767,100000,0,0,0,0,394,394,100000,813216,2400000,3213216,32.132,8.000,8,1,0,0,0,0,393,0,0,0,0,0,0,813216,0,0,0,0,1,0,0,100000,0
count1_node256,1,NODE256,count1_node256,dense_uint64,100000,1,0,0,0,0,lookup_absent_early,0.000781000,100000,128.041029,100000,0,0,0,0,394,394,100000,813216,2400000,3213216,32.132,8.000,8,1,0,0,0,0,393,0,0,0,0,0,0,813216,0,0,0,0,1,0,0,100000,0
count1_node256,1,NODE256,count1_node256,dense_uint64,100000,1,0,0,0,0,lookup_absent_late,0.002203001,100000,45.392632,100000,0,0,0,0,394,394,100000,813216,2400000,3213216,32.132,8.000,8,1,0,0,0,0,393,0,0,0,0,0,0,813216,0,0,0,0,1,0,0,100000,0
count1_node256,1,NODE256,count1_node256,dense_uint64,100000,1,0,0,0,0,insert,0.003692000,100000,27.085589,100000,0,0,0,0,394,394,100000,813216,2400000,3213216,32.132,8.000,8,1,0,0,0,0,393,0,0,0,0,0,0,813216,0,0,0,0,1,0,0,100000,0
count1_node256,1,NODE256,count1_node256,dense_uint64,100000,1,0,0,0,0,lookup_success,0.002362000,100000,42.337006,100000,0,0,0,0,394,394,100000,813216,2400000,3213216,32.132,8.000,8,1,0,0,0,0,393,0,0,0,0,0,0,813216,0,0,0,0,1,0,0,100000,0
count1_node256,1,NODE256,count1_node256,dense_uint64,100000,1,0,0,0,0,lookup_absent_early,0.000734000,100000,136.239868,100000,0,0,0,0,394,394,100000,813216,2400000,3213216,32.132,8.000,8,1,0,0,0,0,393,0,0,0,0,0,0,813216,0,0,0,0,1,0,0,100000,0
count1_node256,1,NODE256,count1_node256,dense_uint64,100000,1,0,0,0,0,lookup_absent_late,0.001520000,100000,65.789456,100000,0,0,0,0,394,394,100000,813216,2400000,3213216,32.132,8.000,8,1,0,0,0,0,393,0,0,0,0,0,0,813216,0,0,0,0,1,0,0,100000,0
count1_node256,1,NODE256,count1_node256,dense_uint64,100000,1,0,0,0,0,insert,0.005528000,100000,18.089724,100000,0,0,0,0,394,394,100000,813216,2400000,3213216,32.132,8.000,8,1,0,0,0,0,393,0,0,0,0,0,0,813216,0,0,0,0,1,0,0,100000,0
count1_node256,1,NODE256,count1_node256,dense_uint64,100000,1,0,0,0,0,lookup_success,0.001490000,100000,67.114107,100000,0,0,0,0,394,394,100000,813216,2400000,3213216,32.132,8.000,8,1,0,0,0,0,393,0,0,0,0,0,0,813216,0,0,0,0,1,0,0,100000,0
count1_node256,1,NODE256,count1_node256,dense_uint64,100000,1,0,0,0,0,lookup_absent_early,0.000671000,100000,149.031248,100000,0,0,0,0,394,394,100000,813216,2400000,3213216,32.132,8.000,8,1,0,0,0,0,393,0,0,0,0,0,0,813216,0,0,0,0,1,0,0,100000,0
count1_node256,1,NODE256,count1_node256,dense_uint64,100000,1,0,0,0,0,lookup_absent_late,0.001569999,100000,63.694293,100000,0,0,0,0,394,394,100000,813216,2400000,3213216,32.132,8.000,8,1,0,0,0,0,393,0,0,0,0,0,0,813216,0,0,0,0,1,0,0,100000,0
count1_node256,1,NODE256,count1_node256,dense_uint64,1000000,1,0,0,0,0,insert,0.155478000,1000000,6.431778,1000000,0,0,0,0,3924,3924,1000000,8099136,24000000,32099136,32.099,8.000,8,0,1,0,0,1,3922,0,0,0,0,0,0,8099136,0,0,0,0,0,0,1,1000000,0
count1_node256,1,NODE256,count1_node256,dense_uint64,1000000,1,0,0,0,0,lookup_success,0.096830000,1000000,10.327378,1000000,0,0,0,0,3924,3924,1000000,8099136,24000000,32099136,32.099,8.000,8,0,1,0,0,1,3922,0,0,0,0,0,0,8099136,0,0,0,0,0,0,1,1000000,0
count1_node256,1,NODE256,count1_node256,dense_uint64,1000000,1,0,0,0,0,lookup_absent_early,0.007037001,1000000,142.105996,1000000,0,0,0,0,3924,3924,1000000,8099136,24000000,32099136,32.099,8.000,8,0,1,0,0,1,3922,0,0,0,0,0,0,8099136,0,0,0,0,0,0,1,1000000,0
count1_node256,1,NODE256,count1_node256,dense_uint64,1000000,1,0,0,0,0,lookup_absent_late,0.021500999,1000000,46.509467,1000000,0,0,0,0,3924,3924,1000000,8099136,24000000,32099136,32.099,8.000,8,0,1,0,0,1,3922,0,0,0,0,0,0,8099136,0,0,0,0,0,0,1,1000000,0
count1_node256,1,NODE256,count1_node256,dense_uint64,1000000,1,0,0,0,0,insert,0.154550000,1000000,6.470398,1000000,0,0,0,0,3924,3924,1000000,8099136,24000000,32099136,32.099,8.000,8,0,1,0,0,1,3922,0,0,0,0,0,0,8099136,0,0,0,0,0,0,1,1000000,0
count1_node256,1,NODE256,count1_node256,dense_uint64,1000000,1,0,0,0,0,lookup_success,0.100370000,1000000,9.963136,1000000,0,0,0,0,3924,3924,1000000,8099136,24000000,32099136,32.099,8.000,8,0,1,0,0,1,3922,0,0,0,0,0,0,8099136,0,0,0,0,0,0,1,1000000,0
count1_node256,1,NODE256,count1_node256,dense_uint64,1000000,1,0,0,0,0,lookup_absent_early,0.007343000,1000000,136.184125,1000000,0,0,0,0,3924,3924,1000000,8099136,24000000,32099136,32.099,8.000,8,0,1,0,0,1,3922,0,0,0,0,0,0,8099136,0,0,0,0,0,0,1,1000000,0
count1_node256,1,NODE256,count1_node256,dense_uint64,1000000,1,0,0,0,0,lookup_absent_late,0.021426000,1000000,46.672268,1000000,0,0,0,0,3924,3924,1000000,8099136,24000000,32099136,32.099,8.000,8,0,1,0,0,1,3922,0,0,0,0,0,0,8099136,0,0,0,0,0,0,1,1000000,0
count1_node256,1,NODE256,count1_node256,dense_uint64,1000000,1,0,0,0,0,insert,0.155037000,1000000,6.450073,1000000,0,0,0,0,3924,3924,1000000,8099136,24000000,32099136,32.099,8.000,8,0,1,0,0,1,3922,0,0,0,0,0,0,8099136,0,0,0,0,0,0,1,1000000,0
count1_node256,1,NODE256,count1_node256,dense_uint64,1000000,1,0,0,0,0,lookup_success,0.097758000,1000000,10.229342,1000000,0,0,0,0,3924,3924,1000000,8099136,24000000,32099136,32.099,8.000,8,0,1,0,0,1,3922,0,0,0,0,0,0,8099136,0,0,0,0,0,0,1,1000000,0
count1_node256,1,NODE256,count1_node256,dense_uint64,1000000,1,0,0,0,0,lookup_absent_early,0.006351000,1000000,157.455526,1000000,0,0,0,0,3924,3924,1000000,8099136,24000000,32099136,32.099,8.000,8,0,1,0,0,1,3922,0,0,0,0,0,0,8099136,0,0,0,0,0,0,1,1000000,0
count1_node256,1,NODE256,count1_node256,dense_uint64,1000000,1,0,0,0,0,lookup_absent_late,0.020630000,1000000,48.473097,1000000,0,0,0,0,3924,3924,1000000,8099136,24000000,32099136,32.099,8.000,8,0,1,0,0,1,3922,0,0,0,0,0,0,8099136,0,0,0,0,0,0,1,1000000,0
count1_node256,1,NODE256,count1_node256,sparse_uint64,100000,1,0,0,0,0,insert,0.016575000,100000,6.033182,100000,0,0,0,0,30142,30142,100000,62213088,2400000,64613088,646.131,2.789,4,28664,1221,0,0,0,257,0,0,0,0,0,0,62213088,0,0,0,0,17071,12528,286,100000,0
count1_node256,1,NODE256,count1_node256,sparse_uint64,100000,1,0,0,0,0,lookup_success,0.004818999,100000,20.751197,100000,0,0,0,0,30142,30142,100000,62213088,2400000,64613088,646.131,2.789,4,28664,1221,0,0,0,257,0,0,0,0,0,0,62213088,0,0,0,0,17071,12528,286,100000,0
count1_node256,1,NODE256,count1_node256,sparse_uint64,100000,1,0,0,0,0,lookup_absent_early,0.003535001,100000,28.288538,100000,0,0,0,0,30142,30142,100000,62213088,2400000,64613088,646.131,2.789,4,28664,1221,0,0,0,257,0,0,0,0,0,0,62213088,0,0,0,0,17071,12528,286,100000,0
count1_node256,1,NODE256,count1_node256,sparse_uint64,100000,1,0,0,0,0,lookup_absent_late,0.004631000,100000,21.593610,100000,0,0,0,0,30142,30142,100000,62213088,2400000,64613088,646.131,2.789,4,28664,1221,0,0,0,257,0,0,0,0,0,0,62213088,0,0,0,0,17071,12528,286,100000,0
count1_node256,1,NODE256,count1_node256,sparse_uint64,100000,1,0,0,0,0,insert,0.017552000,100000,5.697357,100000,0,0,0,0,30142,30142,100000,62213088,2400000,64613088,646.131,2.789,4,28664,1221,0,0,0,257,0,0,0,0,0,0,62213088,0,0,0,0,17071,12528,286,100000,0
count1_node256,1,NODE256,count1_node256,sparse_uint64,100000,1,0,0,0,0,lookup_success,0.005181001,100000,19.301291,100000,0,0,0,0,30142,30142,100000,62213088,2400000,64613088,646.131,2.789,4,28664,1221,0,0,0,257,0,0,0,0,0,0,62213088,0,0,0,0,17071,12528,286,100000,0
count1_node256,1,NODE256,count1_node256,sparse_uint64,100000,1,0,0,0,0,lookup_absent_early,0.003223999,100000,31.017375,100000,0,0,0,0,30142,30142,100000,62213088,2400000,64613088,646.131,2.789,4,28664,1221,0,0,0,257,0,0,0,0,0,0,62213088,0,0,0,0,17071,12528,286,100000,0
count1_node256,1,NODE256,count1_node256,sparse_uint64,100000,1,0,0,0,0,lookup_absent_late,0.003857000,100000,25.926888,100000,0,0,0,0,30142,30142,100000,62213088,2400000,64613088,646.131,2.789,4,28664,1221,0,0,0,257,0,0,0,0,0,0,62213088,0,0,0,0,17071,12528,286,100000,0
count1_node256,1,NODE256,count1_node256,sparse_uint64,100000,1,0,0,0,0,insert,0.017424000,100000,5.739210,100000,0,0,0,0,30142,30142,100000,62213088,2400000,64613088,646.131,2.789,4,28664,1221,0,0,0,257,0,0,0,0,0,0,62213088,0,0,0,0,17071,12528,286,100000,0
count1_node256,1,NODE256,count1_node256,sparse_uint64,100000,1,0,0,0,0,lookup_success,0.005851000,100000,17.091097,100000,0,0,0,0,30142,30142,100000,62213088,2400000,64613088,646.131,2.789,4,28664,1221,0,0,0,257,0,0,0,0,0,0,62213088,0,0,0,0,17071,12528,286,100000,0
count1_node256,1,NODE256,count1_node256,sparse_uint64,100000,1,0,0,0,0,lookup_absent_early,0.003153000,100000,31.715826,100000,0,0,0,0,30142,30142,100000,62213088,2400000,64613088,646.131,2.789,4,28664,1221,0,0,0,257,0,0,0,0,0,0,62213088,0,0,0,0,17071,12528,286,100000,0
count1_node256,1,NODE256,count1_node256,sparse_uint64,100000,1,0,0,0,0,lookup_absent_late,0.004222000,100000,23.685457,100000,0,0,0,0,30142,30142,100000,62213088,2400000,64613088,646.131,2.789,4,28664,1221,0,0,0,257,0,0,0,0,0,0,62213088,0,0,0,0,17071,12528,286,100000,0
count1_node256,1,NODE256,count1_node256,sparse_uint64,1000000,1,0,0,0,0,insert,0.246711999,1000000,4.053309,1000000,0,0,0,0,94318,94318,1000000,194672352,24000000,218672352,218.672,3.058,6,28581,44789,20689,2,0,257,0,0,0,0,0,0,194672352,0,0,0,0,27948,748,44674,1000000,0
count1_node256,1,NODE256,count1_node256,sparse_uint64,1000000,1,0,0,0,0,lookup_success,0.107221001,1000000,9.326531,1000000,0,0,0,0,94318,94318,1000000,194672352,24000000,218672352,218.672,3.058,6,28581,44789,20689,2,0,257,0,0,0,0,0,0,194672352,0,0,0,0,27948,748,44674,1000000,0
count1_node256,1,NODE256,count1_node256,sparse_uint64,1000000,1,0,0,0,0,lookup_absent_early,0.044719000,1000000,22.361859,1000000,0,0,0,0,94318,94318,1000000,194672352,24000000,218672352,218.672,3.058,6,28581,44789,20689,2,0,257,0,0,0,0,0,0,194672352,0,0,0,0,27948,748,44674,1000000,0
count1_node256,1,NODE256,count1_node256,sparse_uint64,1000000,1,0,0,0,0,lookup_absent_late,0.072149000,1000000,13.860206,1000000,0,0,0,0,94318,94318,1000000,194672352,24000000,218672352,218.672,3.058,6,28581,44789,20689,2,0,257,0,0,0,0,0,0,194672352,0,0,0,0,27948,748,44674,1000000,0
count1_node256,1,NODE256,count1_node256,sparse_uint64,1000000,1,0,0,0,0,insert,0.235882000,1000000,4.239408,1000000,0,0,0,0,94318,94318,1000000,194672352,24000000,218672352,218.672,3.058,6,28581,44789,20689,2,0,257,0,0,0,0,0,0,194672352,0,0,0,0,27948,748,44674,1000000,0
count1_node256,1,NODE256,count1_node256,sparse_uint64,1000000,1,0,0,0,0,lookup_success,0.107152000,1000000,9.332537,1000000,0,0,0,0,94318,94318,1000000,194672352,24000000,218672352,218.672,3.058,6,28581,44789,20689,2,0,257,0,0,0,0,0,0,194672352,0,0,0,0,27948,748,44674,1000000,0
count1_node256,1,NODE256,count1_node256,sparse_uint64,1000000,1,0,0,0,0,lookup_absent_early,0.043374999,1000000,23.054755,1000000,0,0,0,0,94318,94318,1000000,194672352,24000000,218672352,218.672,3.058,6,28581,44789,20689,2,0,257,0,0,0,0,0,0,194672352,0,0,0,0,27948,748,44674,1000000,0
count1_node256,1,NODE256,count1_node256,sparse_uint64,1000000,1,0,0,0,0,lookup_absent_late,0.072152000,1000000,13.859630,1000000,0,0,0,0,94318,94318,1000000,194672352,24000000,218672352,218.672,3.058,6,28581,44789,20689,2,0,257,0,0,0,0,0,0,194672352,0,0,0,0,27948,748,44674,1000000,0
count1_node256,1,NODE256,count1_node256,sparse_uint64,1000000,1,0,0,0,0,insert,0.232002000,1000000,4.310308,1000000,0,0,0,0,94318,94318,1000000,194672352,24000000,218672352,218.672,3.058,6,28581,44789,20689,2,0,257,0,0,0,0,0,0,194672352,0,0,0,0,27948,748,44674,1000000,0
count1_node256,1,NODE256,count1_node256,sparse_uint64,1000000,1,0,0,0,0,lookup_success,0.106762000,1000000,9.366629,1000000,0,0,0,0,94318,94318,1000000,194672352,24000000,218672352,218.672,3.058,6,28581,44789,20689,2,0,257,0,0,0,0,0,0,194672352,0,0,0,0,27948,748,44674,1000000,0
count1_node256,1,NODE256,count1_node256,sparse_uint64,1000000,1,0,0,0,0,lookup_absent_early,0.043617000,1000000,22.926841,1000000,0,0,0,0,94318,94318,1000000,194672352,24000000,218672352,218.672,3.058,6,28581,44789,20689,2,0,257,0,0,0,0,0,0,194672352,0,0,0,0,27948,748,44674,1000000,0
count1_node256,1,NODE256,count1_node256,sparse_uint64,1000000,1,0,0,0,0,lookup_absent_late,0.072904000,1000000,13.716668,1000000,0,0,0,0,94318,94318,1000000,194672352,24000000,218672352,218.672,3.058,6,28581,44789,20689,2,0,257,0,0,0,0,0,0,194672352,0,0,0,0,27948,748,44674,1000000,0
count1_node256,1,NODE256,count1_node256,controlled_fanout,100000,1,10,10000,0,0,insert,0.009719000,100000,10.289124,100000,0,0,0,0,10041,10041,100000,20724624,2200000,22924624,229.246,5.000,5,0,10001,0,1,0,39,0,0,0,0,0,0,20724624,0,0,0,0,0,0,10001,100000,0
count1_node256,1,NODE256,count1_node256,controlled_fanout,100000,1,10,10000,0,0,lookup_success,0.002090000,100000,47.846899,100000,0,0,0,0,10041,10041,100000,20724624,2200000,22924624,229.246,5.000,5,0,10001,0,1,0,39,0,0,0,0,0,0,20724624,0,0,0,0,0,0,10001,100000,0
count1_node256,1,NODE256,count1_node256,controlled_fanout,100000,1,10,10000,0,0,lookup_absent_early,0.002425999,100000,41.220126,100000,0,0,0,0,10041,10041,100000,20724624,2200000,22924624,229.246,5.000,5,0,10001,0,1,0,39,0,0,0,0,0,0,20724624,0,0,0,0,0,0,10001,100000,0
count1_node256,1,NODE256,count1_node256,controlled_fanout,100000,1,10,10000,0,0,lookup_absent_late,0.001651000,100000,60.569343,100000,0,0,0,0,10041,10041,100000,20724624,2200000,22924624,229.246,5.000,5,0,10001,0,1,0,39,0,0,0,0,0,0,20724624,0,0,0,0,0,0,10001,100000,0
count1_node256,1,NODE256,count1_node256,controlled_fanout,100000,1,10,10000,0,0,insert,0.009037000,100000,11.065619,100000,0,0,0,0,10041,10041,100000,20724624,2200000,22924624,229.246,5.000,5,0,10001,0,1,0,39,0,0,0,0,0,0,20724624,0,0,0,0,0,0,10001,100000,0
count1_node256,1,NODE256,count1_node256,controlled_fanout,100000,1,10,10000,0,0,lookup_success,0.001579000,100000,63.331235,100000,0,0,0,0,10041,10041,100000,20724624,2200000,22924624,229.246,5.000,5,0,10001,0,1,0,39,0,0,0,0,0,0,20724624,0,0,0,0,0,0,10001,100000,0
count1_node256,1,NODE256,count1_node256,controlled_fanout,100000,1,10,10000,0,0,lookup_absent_early,0.001560000,100000,64.102573,100000,0,0,0,0,10041,10041,100000,20724624,2200000,22924624,229.246,5.000,5,0,10001,0,1,0,39,0,0,0,0,0,0,20724624,0,0,0,0,0,0,10001,100000,0
count1_node256,1,NODE256,count1_node256,controlled_fanout,100000,1,10,10000,0,0,lookup_absent_late,0.001078000,100000,92.764353,100000,0,0,0,0,10041,10041,100000,20724624,2200000,22924624,229.246,5.000,5,0,10001,0,1,0,39,0,0,0,0,0,0,20724624,0,0,0,0,0,0,10001,100000,0
count1_node256,1,NODE256,count1_node256,controlled_fanout,100000,1,10,10000,0,0,insert,0.008559000,100000,11.683608,100000,0,0,0,0,10041,10041,100000,20724624,2200000,22924624,229.246,5.000,5,0,10001,0,1,0,39,0,0,0,0,0,0,20724624,0,0,0,0,0,0,10001,100000,0
count1_node256,1,NODE256,count1_node256,controlled_fanout,100000,1,10,10000,0,0,lookup_success,0.002015000,100000,49.627786,100000,0,0,0,0,10041,10041,100000,20724624,2200000,22924624,229.246,5.000,5,0,10001,0,1,0,39,0,0,0,0,0,0,20724624,0,0,0,0,0,0,10001,100000,0
count1_node256,1,NODE256,count1_node256,controlled_fanout,100000,1,10,10000,0,0,lookup_absent_early,0.001712000,100000,58.411215,100000,0,0,0,0,10041,10041,100000,20724624,2200000,22924624,229.246,5.000,5,0,10001,0,1,0,39,0,0,0,0,0,0,20724624,0,0,0,0,0,0,10001,100000,0
count1_node256,1,NODE256,count1_node256,controlled_fanout,100000,1,10,10000,0,0,lookup_absent_late,0.001657001,100000,60.350003,100000,0,0,0,0,10041,10041,100000,20724624,2200000,22924624,229.246,5.000,5,0,10001,0,1,0,39,0,0,0,0,0,0,20724624,0,0,0,0,0,0,10001,100000,0
count1_node256,1,NODE256,count1_node256,controlled_fanout,160000,1,16,10000,0,0,insert,0.016214000,160000,9.868015,160000,0,0,0,0,10041,10041,160000,20724624,3520000,24244624,151.529,5.000,5,0,10001,0,1,0,39,0,0,0,0,0,0,20724624,0,0,0,0,0,0,10001,160000,0
count1_node256,1,NODE256,count1_node256,controlled_fanout,160000,1,16,10000,0,0,lookup_success,0.003693000,160000,43.325205,160000,0,0,0,0,10041,10041,160000,20724624,3520000,24244624,151.529,5.000,5,0,10001,0,1,0,39,0,0,0,0,0,0,20724624,0,0,0,0,0,0,10001,160000,0
count1_node256,1,NODE256,count1_node256,controlled_fanout,160000,1,16,10000,0,0,lookup_absent_early,0.003493000,160000,45.805900,160000,0,0,0,0,10041,10041,160000,20724624,3520000,24244624,151.529,5.000,5,0,10001,0,1,0,39,0,0,0,0,0,0,20724624,0,0,0,0,0,0,10001,160000,0
count1_node256,1,NODE256,count1_node256,controlled_fanout,160000,1,16,10000,0,0,lookup_absent_late,0.001715000,160000,93.294472,160000,0,0,0,0,10041,10041,160000,20724624,3520000,24244624,151.529,5.000,5,0,10001,0,1,0,39,0,0,0,0,0,0,20724624,0,0,0,0,0,0,10001,160000,0
count1_node256,1,NODE256,count1_node256,controlled_fanout,160000,1,16,10000,0,0,insert,0.013532001,160000,11.823824,160000,0,0,0,0,10041,10041,160000,20724624,3520000,24244624,151.529,5.000,5,0,10001,0,1,0,39,0,0,0,0,0,0,20724624,0,0,0,0,0,0,10001,160000,0
count1_node256,1,NODE256,count1_node256,controlled_fanout,160000,1,16,10000,0,0,lookup_success,0.005268000,160000,30.372057,160000,0,0,0,0,10041,10041,160000,20724624,3520000,24244624,151.529,5.000,5,0,10001,0,1,0,39,0,0,0,0,0,0,20724624,0,0,0,0,0,0,10001,160000,0
count1_node256,1,NODE256,count1_node256,controlled_fanout,160000,1,16,10000,0,0,lookup_absent_early,0.004519000,160000,35.406065,160000,0,0,0,0,10041,10041,160000,20724624,3520000,24244624,151.529,5.000,5,0,10001,0,1,0,39,0,0,0,0,0,0,20724624,0,0,0,0,0,0,10001,160000,0
count1_node256,1,NODE256,count1_node256,controlled_fanout,160000,1,16,10000,0,0,lookup_absent_late,0.002913000,160000,54.926192,160000,0,0,0,0,10041,10041,160000,20724624,3520000,24244624,151.529,5.000,5,0,10001,0,1,0,39,0,0,0,0,0,0,20724624,0,0,0,0,0,0,10001,160000,0
count1_node256,1,NODE256,count1_node256,controlled_fanout,160000,1,16,10000,0,0,insert,0.017043000,160000,9.388018,160000,0,0,0,0,10041,10041,160000,20724624,3520000,24244624,151.529,5.000,5,0,10001,0,1,0,39,0,0,0,0,0,0,20724624,0,0,0,0,0,0,10001,160000,0
count1_node256,1,NODE256,count1_node256,controlled_fanout,160000,1,16,10000,0,0,lookup_success,0.003007000,160000,53.209173,160000,0,0,0,0,10041,10041,160000,20724624,3520000,24244624,151.529,5.000,5,0,10001,0,1,0,39,0,0,0,0,0,0,20724624,0,0,0,0,0,0,10001,160000,0
count1_node256,1,NODE256,count1_node256,controlled_fanout,160000,1,16,10000,0,0,lookup_absent_early,0.003518000,160000,45.480383,160000,0,0,0,0,10041,10041,160000,20724624,3520000,24244624,151.529,5.000,5,0,10001,0,1,0,39,0,0,0,0,0,0,20724624,0,0,0,0,0,0,10001,160000,0
count1_node256,1,NODE256,count1_node256,controlled_fanout,160000,1,16,10000,0,0,lookup_absent_late,0.002037999,160000,78.508372,160000,0,0,0,0,10041,10041,160000,20724624,3520000,24244624,151.529,5.000,5,0,10001,0,1,0,39,0,0,0,0,0,0,20724624,0,0,0,0,0,0,10001,160000,0
count1_node256,1,NODE256,count1_node256,controlled_fanout,320000,1,32,10000,0,0,insert,0.036253001,320000,8.826856,320000,0,0,0,0,10041,10041,320000,20724624,7040000,27764624,86.764,5.000,5,0,1,10000,1,0,39,0,0,0,0,0,0,20724624,0,0,0,0,0,0,1,320000,0
count1_node256,1,NODE256,count1_node256,controlled_fanout,320000,1,32,10000,0,0,lookup_success,0.012107000,320000,26.430991,320000,0,0,0,0,10041,10041,320000,20724624,7040000,27764624,86.764,5.000,5,0,1,10000,1,0,39,0,0,0,0,0,0,20724624,0,0,0,0,0,0,1,320000,0
count1_node256,1,NODE256,count1_node256,controlled_fanout,320000,1,32,10000,0,0,lookup_absent_early,0.009000000,320000,35.555557,320000,0,0,0,0,10041,10041,320000,20724624,7040000,27764624,86.764,5.000,5,0,1,10000,1,0,39,0,0,0,0,0,0,20724624,0,0,0,0,0,0,1,320000,0
count1_node256,1,NODE256,count1_node256,controlled_fanout,320000,1,32,10000,0,0,lookup_absent_late,0.004386000,320000,72.959411,320000,0,0,0,0,10041,10041,320000,20724624,7040000,27764624,86.764,5.000,5,0,1,10000,1,0,39,0,0,0,0,0,0,20724624,0,0,0,0,0,0,1,320000,0
count1_node256,1,NODE256,count1_node256,controlled_fanout,320000,1,32,10000,0,0,insert,0.035321000,320000,9.059766,320000,0,0,0,0,10041,10041,320000,20724624,7040000,27764624,86.764,5.000,5,0,1,10000,1,0,39,0,0,0,0,0,0,20724624,0,0,0,0,0,0,1,320000,0
count1_node256,1,NODE256,count1_node256,controlled_fanout,320000,1,32,10000,0,0,lookup_success,0.011913000,320000,26.861413,320000,0,0,0,0,10041,10041,320000,20724624,7040000,27764624,86.764,5.000,5,0,1,10000,1,0,39,0,0,0,0,0,0,20724624,0,0,0,0,0,0,1,320000,0
count1_node256,1,NODE256,count1_node256,controlled_fanout,320000,1,32,10000,0,0,lookup_absent_early,0.008490999,320000,37.686966,320000,0,0,0,0,10041,10041,320000,20724624,7040000,27764624,86.764,5.000,5,0,1,10000,1,0,39,0,0,0,0,0,0,20724624,0,0,0,0,0,0,1,320000,0
count1_node256,1,NODE256,count1_node256,controlled_fanout,320000,1,32,10000,0,0,lookup_absent_late,0.004002000,320000,79.960016,320000,0,0,0,0,10041,10041,320000,20724624,7040000,27764624,86.764,5.000,5,0,1,10000,1,0,39,0,0,0,0,0,0,20724624,0,0,0,0,0,0,1,320000,0
count1_node256,1,NODE256,count1_node256,controlled_fanout,320000,1,32,10000,0,0,insert,0.034639000,320000,9.238142,320000,0,0,0,0,10041,10041,320000,20724624,7040000,27764624,86.764,5.000,5,0,1,10000,1,0,39,0,0,0,0,0,0,20724624,0,0,0,0,0,0,1,320000,0
count1_node256,1,NODE256,count1_node256,controlled_fanout,320000,1,32,10000,0,0,lookup_success,0.012335000,320000,25.942441,320000,0,0,0,0,10041,10041,320000,20724624,7040000,27764624,86.764,5.000,5,0,1,10000,1,0,39,0,0,0,0,0,0,20724624,0,0,0,0,0,0,1,320000,0
count1_node256,1,NODE256,count1_node256,controlled_fanout,320000,1,32,10000,0,0,lookup_absent_early,0.009023000,320000,35.464921,320000,0,0,0,0,10041,10041,320000,20724624,7040000,27764624,86.764,5.000,5,0,1,10000,1,0,39,0,0,0,0,0,0,20724624,0,0,0,0,0,0,1,320000,0
count1_node256,1,NODE256,count1_node256,controlled_fanout,320000,1,32,10000,0,0,lookup_absent_late,0.004290000,320000,74.592081,320000,0,0,0,0,10041,10041,320000,20724624,7040000,27764624,86.764,5.000,5,0,1,10000,1,0,39,0,0,0,0,0,0,20724624,0,0,0,0,0,0,1,320000,0
count2_16_256,2,"NODE16,NODE256",count2_node16_node256,dense_uint64,100000,1,0,0,0,0,insert,0.003826001,100000,26.136953,100000,0,1,0,0,393,394,100000,811312,2400000,3211312,32.113,8.000,8,1,0,0,0,0,393,0,0,160,0,0,0,811152,0,0,0,0,1,0,0,100000,0
count2_16_256,2,"NODE16,NODE256",count2_node16_node256,dense_uint64,100000,1,0,0,0,0,lookup_success,0.001794999,100000,55.710323,100000,0,1,0,0,393,394,100000,811312,2400000,3211312,32.113,8.000,8,1,0,0,0,0,393,0,0,160,0,0,0,811152,0,0,0,0,1,0,0,100000,0
count2_16_256,2,"NODE16,NODE256",count2_node16_node256,dense_uint64,100000,1,0,0,0,0,lookup_absent_early,0.000782000,100000,127.877254,100000,0,1,0,0,393,394,100000,811312,2400000,3211312,32.113,8.000,8,1,0,0,0,0,393,0,0,160,0,0,0,811152,0,0,0,0,1,0,0,100000,0
count2_16_256,2,"NODE16,NODE256",count2_node16_node256,dense_uint64,100000,1,0,0,0,0,lookup_absent_late,0.001617000,100000,61.842902,100000,0,1,0,0,393,394,100000,811312,2400000,3211312,32.113,8.000,8,1,0,0,0,0,393,0,0,160,0,0,0,811152,0,0,0,0,1,0,0,100000,0
count2_16_256,2,"NODE16,NODE256",count2_node16_node256,dense_uint64,100000,1,0,0,0,0,insert,0.005475000,100000,18.264839,100000,0,1,0,0,393,394,100000,811312,2400000,3211312,32.113,8.000,8,1,0,0,0,0,393,0,0,160,0,0,0,811152,0,0,0,0,1,0,0,100000,0
count2_16_256,2,"NODE16,NODE256",count2_node16_node256,dense_uint64,100000,1,0,0,0,0,lookup_success,0.002038999,100000,49.043662,100000,0,1,0,0,393,394,100000,811312,2400000,3211312,32.113,8.000,8,1,0,0,0,0,393,0,0,160,0,0,0,811152,0,0,0,0,1,0,0,100000,0
count2_16_256,2,"NODE16,NODE256",count2_node16_node256,dense_uint64,100000,1,0,0,0,0,lookup_absent_early,0.000964000,100000,103.734452,100000,0,1,0,0,393,394,100000,811312,2400000,3211312,32.113,8.000,8,1,0,0,0,0,393,0,0,160,0,0,0,811152,0,0,0,0,1,0,0,100000,0
count2_16_256,2,"NODE16,NODE256",count2_node16_node256,dense_uint64,100000,1,0,0,0,0,lookup_absent_late,0.001936000,100000,51.652897,100000,0,1,0,0,393,394,100000,811312,2400000,3211312,32.113,8.000,8,1,0,0,0,0,393,0,0,160,0,0,0,811152,0,0,0,0,1,0,0,100000,0
count2_16_256,2,"NODE16,NODE256",count2_node16_node256,dense_uint64,100000,1,0,0,0,0,insert,0.005068000,100000,19.731648,100000,0,1,0,0,393,394,100000,811312,2400000,3211312,32.113,8.000,8,1,0,0,0,0,393,0,0,160,0,0,0,811152,0,0,0,0,1,0,0,100000,0
count2_16_256,2,"NODE16,NODE256",count2_node16_node256,dense_uint64,100000,1,0,0,0,0,lookup_success,0.002433000,100000,41.101519,100000,0,1,0,0,393,394,100000,811312,2400000,3211312,32.113,8.000,8,1,0,0,0,0,393,0,0,160,0,0,0,811152,0,0,0,0,1,0,0,100000,0
count2_16_256,2,"NODE16,NODE256",count2_node16_node256,dense_uint64,100000,1,0,0,0,0,lookup_absent_early,0.000745000,100000,134.228131,100000,0,1,0,0,393,394,100000,811312,2400000,3211312,32.113,8.000,8,1,0,0,0,0,393,0,0,160,0,0,0,811152,0,0,0,0,1,0,0,100000,0
count2_16_256,2,"NODE16,NODE256",count2_node16_node256,dense_uint64,100000,1,0,0,0,0,lookup_absent_late,0.001719000,100000,58.173363,100000,0,1,0,0,393,394,100000,811312,2400000,3211312,32.113,8.000,8,1,0,0,0,0,393,0,0,160,0,0,0,811152,0,0,0,0,1,0,0,100000,0
count2_16_256,2,"NODE16,NODE256",count2_node16_node256,dense_uint64,1000000,1,0,0,0,0,insert,0.164744000,1000000,6.070024,1000000,0,1,0,0,3923,3924,1000000,8097232,24000000,32097232,32.097,8.000,8,0,1,0,0,1,3922,0,0,160,0,0,0,8097072,0,0,0,0,0,0,1,1000000,0
count2_16_256,2,"NODE16,NODE256",count2_node16_node256,dense_uint64,1000000,1,0,0,0,0,lookup_success,0.102787000,1000000,9.728857,1000000,0,1,0,0,3923,3924,1000000,8097232,24000000,32097232,32.097,8.000,8,0,1,0,0,1,3922,0,0,160,0,0,0,8097072,0,0,0,0,0,0,1,1000000,0
count2_16_256,2,"NODE16,NODE256",count2_node16_node256,dense_uint64,1000000,1,0,0,0,0,lookup_absent_early,0.007183000,1000000,139.217607,1000000,0,1,0,0,3923,3924,1000000,8097232,24000000,32097232,32.097,8.000,8,0,1,0,0,1,3922,0,0,160,0,0,0,8097072,0,0,0,0,0,0,1,1000000,0
count2_16_256,2,"NODE16,NODE256",count2_node16_node256,dense_uint64,1000000,1,0,0,0,0,lookup_absent_late,0.023116000,1000000,43.260080,1000000,0,1,0,0,3923,3924,1000000,8097232,24000000,32097232,32.097,8.000,8,0,1,0,0,1,3922,0,0,160,0,0,0,8097072,0,0,0,0,0,0,1,1000000,0
count2_16_256,2,"NODE16,NODE256",count2_node16_node256,dense_uint64,1000000,1,0,0,0,0,insert,0.168420000,1000000,5.937537,1000000,0,1,0,0,3923,3924,1000000,8097232,24000000,32097232,32.097,8.000,8,0,1,0,0,1,3922,0,0,160,0,0,0,8097072,0,0,0,0,0,0,1,1000000,0
count2_16_256,2,"NODE16,NODE256",count2_node16_node256,dense_uint64,1000000,1,0,0,0,0,lookup_success,0.105885000,1000000,9.444208,1000000,0,1,0,0,3923,3924,1000000,8097232,24000000,32097232,32.097,8.000,8,0,1,0,0,1,3922,0,0,160,0,0,0,8097072,0,0,0,0,0,0,1,1000000,0
count2_16_256,2,"NODE16,NODE256",count2_node16_node256,dense_uint64,1000000,1,0,0,0,0,lookup_absent_early,0.007192000,1000000,139.043385,1000000,0,1,0,0,3923,3924,1000000,8097232,24000000,32097232,32.097,8.000,8,0,1,0,0,1,3922,0,0,160,0,0,0,8097072,0,0,0,0,0,0,1,1000000,0
count2_16_256,2,"NODE16,NODE256",count2_node16_node256,dense_uint64,1000000,1,0,0,0,0,lookup_absent_late,0.022750000,1000000,43.956043,1000000,0,1,0,0,3923,3924,1000000,8097232,24000000,32097232,32.097,8.000,8,0,1,0,0,1,3922,0,0,160,0,0,0,8097072,0,0,0,0,0,0,1,1000000,0
count2_16_256,2,"NODE16,NODE256",count2_node16_node256,dense_uint64,1000000,1,0,0,0,0,insert,0.165775000,1000000,6.032273,1000000,0,1,0,0,3923,3924,1000000,8097232,24000000,32097232,32.097,8.000,8,0,1,0,0,1,3922,0,0,160,0,0,0,8097072,0,0,0,0,0,0,1,1000000,0
count2_16_256,2,"NODE16,NODE256",count2_node16_node256,dense_uint64,1000000,1,0,0,0,0,lookup_success,0.105382000,1000000,9.489287,1000000,0,1,0,0,3923,3924,1000000,8097232,24000000,32097232,32.097,8.000,8,0,1,0,0,1,3922,0,0,160,0,0,0,8097072,0,0,0,0,0,0,1,1000000,0
count2_16_256,2,"NODE16,NODE256",count2_node16_node256,dense_uint64,1000000,1,0,0,0,0,lookup_absent_early,0.007867000,1000000,127.113257,1000000,0,1,0,0,3923,3924,1000000,8097232,24000000,32097232,32.097,8.000,8,0,1,0,0,1,3922,0,0,160,0,0,0,8097072,0,0,0,0,0,0,1,1000000,0
count2_16_256,2,"NODE16,NODE256",count2_node16_node256,dense_uint64,1000000,1,0,0,0,0,lookup_absent_late,0.021935999,1000000,45.587164,1000000,0,1,0,0,3923,3924,1000000,8097232,24000000,32097232,32.097,8.000,8,0,1,0,0,1,3922,0,0,160,0,0,0,8097072,0,0,0,0,0,0,1,1000000,0
count2_16_256,2,"NODE16,NODE256",count2_node16_node256,sparse_uint64,100000,1,0,0,0,0,insert,0.012012000,100000,8.325008,100000,0,29885,0,0,257,30142,100000,5312048,2400000,7712048,77.120,2.789,4,28664,1221,0,0,0,257,0,0,4781600,0,0,0,530448,0,0,0,0,17071,12528,286,100000,0
count2_16_256,2,"NODE16,NODE256",count2_node16_node256,sparse_uint64,100000,1,0,0,0,0,lookup_success,0.004183000,100000,23.906288,100000,0,29885,0,0,257,30142,100000,5312048,2400000,7712048,77.120,2.789,4,28664,1221,0,0,0,257,0,0,4781600,0,0,0,530448,0,0,0,0,17071,12528,286,100000,0
count2_16_256,2,"NODE16,NODE256",count2_node16_node256,sparse_uint64,100000,1,0,0,0,0,lookup_absent_early,0.001890000,100000,52.910054,100000,0,29885,0,0,257,30142,100000,5312048,2400000,7712048,77.120,2.789,4,28664,1221,0,0,0,257,0,0,4781600,0,0,0,530448,0,0,0,0,17071,12528,286,100000,0
count2_16_256,2,"NODE16,NODE256",count2_node16_node256,sparse_uint64,100000,1,0,0,0,0,lookup_absent_late,0.002530000,100000,39.525689,100000,0,29885,0,0,257,30142,100000,5312048,2400000,7712048,77.120,2.789,4,28664,1221,0,0,0,257,0,0,4781600,0,0,0,530448,0,0,0,0,17071,12528,286,100000,0
count2_16_256,2,"NODE16,NODE256",count2_node16_node256,sparse_uint64,100000,1,0,0,0,0,insert,0.012523000,100000,7.985307,100000,0,29885,0,0,257,30142,100000,5312048,2400000,7712048,77.120,2.789,4,28664,1221,0,0,0,257,0,0,4781600,0,0,0,530448,0,0,0,0,17071,12528,286,100000,0
count2_16_256,2,"NODE16,NODE256",count2_node16_node256,sparse_uint64,100000,1,0,0,0,0,lookup_success,0.004381999,100000,22.820633,100000,0,29885,0,0,257,30142,100000,5312048,2400000,7712048,77.120,2.789,4,28664,1221,0,0,0,257,0,0,4781600,0,0,0,530448,0,0,0,0,17071,12528,286,100000,0
count2_16_256,2,"NODE16,NODE256",count2_node16_node256,sparse_uint64,100000,1,0,0,0,0,lookup_absent_early,0.001809999,100000,55.248639,100000,0,29885,0,0,257,30142,100000,5312048,2400000,7712048,77.120,2.789,4,28664,1221,0,0,0,257,0,0,4781600,0,0,0,530448,0,0,0,0,17071,12528,286,100000,0
count2_16_256,2,"NODE16,NODE256",count2_node16_node256,sparse_uint64,100000,1,0,0,0,0,lookup_absent_late,0.003132001,100000,31.928474,100000,0,29885,0,0,257,30142,100000,5312048,2400000,7712048,77.120,2.789,4,28664,1221,0,0,0,257,0,0,4781600,0,0,0,530448,0,0,0,0,17071,12528,286,100000,0
count2_16_256,2,"NODE16,NODE256",count2_node16_node256,sparse_uint64,100000,1,0,0,0,0,insert,0.007944000,100000,12.588117,100000,0,29885,0,0,257,30142,100000,5312048,2400000,7712048,77.120,2.789,4,28664,1221,0,0,0,257,0,0,4781600,0,0,0,530448,0,0,0,0,17071,12528,286,100000,0
count2_16_256,2,"NODE16,NODE256",count2_node16_node256,sparse_uint64,100000,1,0,0,0,0,lookup_success,0.004916000,100000,20.341741,100000,0,29885,0,0,257,30142,100000,5312048,2400000,7712048,77.120,2.789,4,28664,1221,0,0,0,257,0,0,4781600,0,0,0,530448,0,0,0,0,17071,12528,286,100000,0
count2_16_256,2,"NODE16,NODE256",count2_node16_node256,sparse_uint64,100000,1,0,0,0,0,lookup_absent_early,0.002149000,100000,46.533275,100000,0,29885,0,0,257,30142,100000,5312048,2400000,7712048,77.120,2.789,4,28664,1221,0,0,0,257,0,0,4781600,0,0,0,530448,0,0,0,0,17071,12528,286,100000,0
count2_16_256,2,"NODE16,NODE256",count2_node16_node256,sparse_uint64,100000,1,0,0,0,0,lookup_absent_late,0.003089000,100000,32.372931,100000,0,29885,0,0,257,30142,100000,5312048,2400000,7712048,77.120,2.789,4,28664,1221,0,0,0,257,0,0,4781600,0,0,0,530448,0,0,0,0,17071,12528,286,100000,0
count2_16_256,2,"NODE16,NODE256",count2_node16_node256,sparse_uint64,1000000,1,0,0,0,0,insert,0.309424000,1000000,3.231811,1000000,0,73370,0,0,20948,94318,1000000,54975872,24000000,78975872,78.976,3.058,6,28581,44789,20689,2,0,257,0,0,11739200,0,0,0,43236672,0,0,0,0,27948,748,44674,1000000,0
count2_16_256,2,"NODE16,NODE256",count2_node16_node256,sparse_uint64,1000000,1,0,0,0,0,lookup_success,0.119422000,1000000,8.373667,1000000,0,73370,0,0,20948,94318,1000000,54975872,24000000,78975872,78.976,3.058,6,28581,44789,20689,2,0,257,0,0,11739200,0,0,0,43236672,0,0,0,0,27948,748,44674,1000000,0
count2_16_256,2,"NODE16,NODE256",count2_node16_node256,sparse_uint64,1000000,1,0,0,0,0,lookup_absent_early,0.043169000,1000000,23.164771,1000000,0,73370,0,0,20948,94318,1000000,54975872,24000000,78975872,78.976,3.058,6,28581,44789,20689,2,0,257,0,0,11739200,0,0,0,43236672,0,0,0,0,27948,748,44674,1000000,0
count2_16_256,2,"NODE16,NODE256",count2_node16_node256,sparse_uint64,1000000,1,0,0,0,0,lookup_absent_late,0.075654000,1000000,13.218072,1000000,0,73370,0,0,20948,94318,1000000,54975872,24000000,78975872,78.976,3.058,6,28581,44789,20689,2,0,257,0,0,11739200,0,0,0,43236672,0,0,0,0,27948,748,44674,1000000,0
count2_16_256,2,"NODE16,NODE256",count2_node16_node256,sparse_uint64,1000000,1,0,0,0,0,insert,0.293532000,1000000,3.406784,1000000,0,73370,0,0,20948,94318,1000000,54975872,24000000,78975872,78.976,3.058,6,28581,44789,20689,2,0,257,0,0,11739200,0,0,0,43236672,0,0,0,0,27948,748,44674,1000000,0
count2_16_256,2,"NODE16,NODE256",count2_node16_node256,sparse_uint64,1000000,1,0,0,0,0,lookup_success,0.121739000,1000000,8.214295,1000000,0,73370,0,0,20948,94318,1000000,54975872,24000000,78975872,78.976,3.058,6,28581,44789,20689,2,0,257,0,0,11739200,0,0,0,43236672,0,0,0,0,27948,748,44674,1000000,0
count2_16_256,2,"NODE16,NODE256",count2_node16_node256,sparse_uint64,1000000,1,0,0,0,0,lookup_absent_early,0.042553999,1000000,23.499554,1000000,0,73370,0,0,20948,94318,1000000,54975872,24000000,78975872,78.976,3.058,6,28581,44789,20689,2,0,257,0,0,11739200,0,0,0,43236672,0,0,0,0,27948,748,44674,1000000,0
count2_16_256,2,"NODE16,NODE256",count2_node16_node256,sparse_uint64,1000000,1,0,0,0,0,lookup_absent_late,0.075312001,1000000,13.278096,1000000,0,73370,0,0,20948,94318,1000000,54975872,24000000,78975872,78.976,3.058,6,28581,44789,20689,2,0,257,0,0,11739200,0,0,0,43236672,0,0,0,0,27948,748,44674,1000000,0
count2_16_256,2,"NODE16,NODE256",count2_node16_node256,sparse_uint64,1000000,1,0,0,0,0,insert,0.294709000,1000000,3.393178,1000000,0,73370,0,0,20948,94318,1000000,54975872,24000000,78975872,78.976,3.058,6,28581,44789,20689,2,0,257,0,0,11739200,0,0,0,43236672,0,0,0,0,27948,748,44674,1000000,0
count2_16_256,2,"NODE16,NODE256",count2_node16_node256,sparse_uint64,1000000,1,0,0,0,0,lookup_success,0.118925001,1000000,8.408661,1000000,0,73370,0,0,20948,94318,1000000,54975872,24000000,78975872,78.976,3.058,6,28581,44789,20689,2,0,257,0,0,11739200,0,0,0,43236672,0,0,0,0,27948,748,44674,1000000,0
count2_16_256,2,"NODE16,NODE256",count2_node16_node256,sparse_uint64,1000000,1,0,0,0,0,lookup_absent_early,0.042943000,1000000,23.286682,1000000,0,73370,0,0,20948,94318,1000000,54975872,24000000,78975872,78.976,3.058,6,28581,44789,20689,2,0,257,0,0,11739200,0,0,0,43236672,0,0,0,0,27948,748,44674,1000000,0
count2_16_256,2,"NODE16,NODE256",count2_node16_node256,sparse_uint64,1000000,1,0,0,0,0,lookup_absent_late,0.076963000,1000000,12.993256,1000000,0,73370,0,0,20948,94318,1000000,54975872,24000000,78975872,78.976,3.058,6,28581,44789,20689,2,0,257,0,0,11739200,0,0,0,43236672,0,0,0,0,27948,748,44674,1000000,0
count2_16_256,2,"NODE16,NODE256",count2_node16_node256,controlled_fanout,100000,1,10,10000,0,0,insert,0.007596000,100000,13.164823,100000,0,10001,0,0,40,10041,100000,1682720,2200000,3882720,38.827,5.000,5,0,10001,0,1,0,39,0,0,1600160,0,0,0,82560,0,0,0,0,0,0,10001,100000,0
count2_16_256,2,"NODE16,NODE256",count2_node16_node256,controlled_fanout,100000,1,10,10000,0,0,lookup_success,0.001971000,100000,50.735670,100000,0,10001,0,0,40,10041,100000,1682720,2200000,3882720,38.827,5.000,5,0,10001,0,1,0,39,0,0,1600160,0,0,0,82560,0,0,0,0,0,0,10001,100000,0
count2_16_256,2,"NODE16,NODE256",count2_node16_node256,controlled_fanout,100000,1,10,10000,0,0,lookup_absent_early,0.001520000,100000,65.789456,100000,0,10001,0,0,40,10041,100000,1682720,2200000,3882720,38.827,5.000,5,0,10001,0,1,0,39,0,0,1600160,0,0,0,82560,0,0,0,0,0,0,10001,100000,0
count2_16_256,2,"NODE16,NODE256",count2_node16_node256,controlled_fanout,100000,1,10,10000,0,0,lookup_absent_late,0.001185999,100000,84.317085,100000,0,10001,0,0,40,10041,100000,1682720,2200000,3882720,38.827,5.000,5,0,10001,0,1,0,39,0,0,1600160,0,0,0,82560,0,0,0,0,0,0,10001,100000,0
count2_16_256,2,"NODE16,NODE256",count2_node16_node256,controlled_fanout,100000,1,10,10000,0,0,insert,0.007907000,100000,12.647021,100000,0,10001,0,0,40,10041,100000,1682720,2200000,3882720,38.827,5.000,5,0,10001,0,1,0,39,0,0,1600160,0,0,0,82560,0,0,0,0,0,0,10001,100000,0
count2_16_256,2,"NODE16,NODE256",count2_node16_node256,controlled_fanout,100000,1,10,10000,0,0,lookup_success,0.002115000,100000,47.281323,100000,0,10001,0,0,40,10041,100000,1682720,2200000,3882720,38.827,5.000,5,0,10001,0,1,0,39,0,0,1600160,0,0,0,82560,0,0,0,0,0,0,10001,100000,0
count2_16_256,2,"NODE16,NODE256",count2_node16_node256,controlled_fanout,100000,1,10,10000,0,0,lookup_absent_early,0.002099000,100000,47.641736,100000,0,10001,0,0,40,10041,100000,1682720,2200000,3882720,38.827,5.000,5,0,10001,0,1,0,39,0,0,1600160,0,0,0,82560,0,0,0,0,0,0,10001,100000,0
count2_16_256,2,"NODE16,NODE256",count2_node16_node256,controlled_fanout,100000,1,10,10000,0,0,lookup_absent_late,0.001253000,100000,79.808490,100000,0,10001,0,0,40,10041,100000,1682720,2200000,3882720,38.827,5.000,5,0,10001,0,1,0,39,0,0,1600160,0,0,0,82560,0,0,0,0,0,0,10001,100000,0
count2_16_256,2,"NODE16,NODE256",count2_node16_node256,controlled_fanout,100000,1,10,10000,0,0,insert,0.008410000,100000,11.890606,100000,0,10001,0,0,40,10041,100000,1682720,2200000,3882720,38.827,5.000,5,0,10001,0,1,0,39,0,0,1600160,0,0,0,82560,0,0,0,0,0,0,10001,100000,0
count2_16_256,2,"NODE16,NODE256",count2_node16_node256,controlled_fanout,100000,1,10,10000,0,0,lookup_success,0.001997000,100000,50.075123,100000,0,10001,0,0,40,10041,100000,1682720,2200000,3882720,38.827,5.000,5,0,10001,0,1,0,39,0,0,1600160,0,0,0,82560,0,0,0,0,0,0,10001,100000,0
count2_16_256,2,"NODE16,NODE256",count2_node16_node256,controlled_fanout,100000,1,10,10000,0,0,lookup_absent_early,0.001657001,100000,60.350003,100000,0,10001,0,0,40,10041,100000,1682720,2200000,3882720,38.827,5.000,5,0,10001,0,1,0,39,0,0,1600160,0,0,0,82560,0,0,0,0,0,0,10001,100000,0
count2_16_256,2,"NODE16,NODE256",count2_node16_node256,controlled_fanout,100000,1,10,10000,0,0,lookup_absent_late,0.001251000,100000,79.936052,100000,0,10001,0,0,40,10041,100000,1682720,2200000,3882720,38.827,5.000,5,0,10001,0,1,0,39,0,0,1600160,0,0,0,82560,0,0,0,0,0,0,10001,100000,0
count2_16_256,2,"NODE16,NODE256",count2_node16_node256,controlled_fanout,160000,1,16,10000,0,0,insert,0.011701999,160000,13.672877,160000,0,10001,0,0,40,10041,160000,1682720,3520000,5202720,32.517,5.000,5,0,10001,0,1,0,39,0,0,1600160,0,0,0,82560,0,0,0,0,0,0,10001,160000,0
count2_16_256,2,"NODE16,NODE256",count2_node16_node256,controlled_fanout,160000,1,16,10000,0,0,lookup_success,0.003559000,160000,44.956450,160000,0,10001,0,0,40,10041,160000,1682720,3520000,5202720,32.517,5.000,5,0,10001,0,1,0,39,0,0,1600160,0,0,0,82560,0,0,0,0,0,0,10001,160000,0
count2_16_256,2,"NODE16,NODE256",count2_node16_node256,controlled_fanout,160000,1,16,10000,0,0,lookup_absent_early,0.003352000,160000,47.732692,160000,0,10001,0,0,40,10041,160000,1682720,3520000,5202720,32.517,5.000,5,0,10001,0,1,0,39,0,0,1600160,0,0,0,82560,0,0,0,0,0,0,10001,160000,0
count2_16_256,2,"NODE16,NODE256",count2_node16_node256,controlled_fanout,160000,1,16,10000,0,0,lookup_absent_late,0.002106000,160000,75.973419,160000,0,10001,0,0,40,10041,160000,1682720,3520000,5202720,32.517,5.000,5,0,10001,0,1,0,39,0,0,1600160,0,0,0,82560,0,0,0,0,0,0,10001,160000,0
count2_16_256,2,"NODE16,NODE256",count2_node16_node256,controlled_fanout,160000,1,16,10000,0,0,insert,0.014521000,160000,11.018525,160000,0,10001,0,0,40,10041,160000,1682720,3520000,5202720,32.517,5.000,5,0,10001,0,1,0,39,0,0,1600160,0,0,0,82560,0,0,0,0,0,0,10001,160000,0
count2_16_256,2,"NODE16,NODE256",count2_node16_node256,controlled_fanout,160000,1,16,10000,0,0,lookup_success,0.003878000,160000,41.258379,160000,0,10001,0,0,40,10041,160000,1682720,3520000,5202720,32.517,5.000,5,0,10001,0,1,0,39,0,0,1600160,0,0,0,82560,0,0,0,0,0,0,10001,160000,0
count2_16_256,2,"NODE16,NODE256",count2_node16_node256,controlled_fanout,160000,1,16,10000,0,0,lookup_absent_early,0.003147000,160000,50.842080,160000,0,10001,0,0,40,10041,160000,1682720,3520000,5202720,32.517,5.000,5,0,10001,0,1,0,39,0,0,1600160,0,0,0,82560,0,0,0,0,0,0,10001,160000,0
count2_16_256,2,"NODE16,NODE256",count2_node16_node256,controlled_fanout,160000,1,16,10000,0,0,lookup_absent_late,0.002929000,160000,54.626149,160000,0,10001,0,0,40,10041,160000,1682720,3520000,5202720,32.517,5.000,5,0,10001,0,1,0,39,0,0,1600160,0,0,0,82560,0,0,0,0,0,0,10001,160000,0
count2_16_256,2,"NODE16,NODE256",count2_node16_node256,controlled_fanout,160000,1,16,10000,0,0,insert,0.014454000,160000,11.069600,160000,0,10001,0,0,40,10041,160000,1682720,3520000,5202720,32.517,5.000,5,0,10001,0,1,0,39,0,0,1600160,0,0,0,82560,0,0,0,0,0,0,10001,160000,0
count2_16_256,2,"NODE16,NODE256",count2_node16_node256,controlled_fanout,160000,1,16,10000,0,0,lookup_success,0.004391000,160000,36.438172,160000,0,10001,0,0,40,10041,160000,1682720,3520000,5202720,32.517,5.000,5,0,10001,0,1,0,39,0,0,1600160,0,0,0,82560,0,0,0,0,0,0,10001,160000,0
count2_16_256,2,"NODE16,NODE256",count2_node16_node256,controlled_fanout,160000,1,16,10000,0,0,lookup_absent_early,0.004011001,160000,39.890297,160000,0,10001,0,0,40,10041,160000,1682720,3520000,5202720,32.517,5.000,5,0,10001,0,1,0,39,0,0,1600160,0,0,0,82560,0,0,0,0,0,0,10001,160000,0
count2_16_256,2,"NODE16,NODE256",count2_node16_node256,controlled_fanout,160000,1,16,10000,0,0,lookup_absent_late,0.002723999,160000,58.737166,160000,0,10001,0,0,40,10041,160000,1682720,3520000,5202720,32.517,5.000,5,0,10001,0,1,0,39,0,0,1600160,0,0,0,82560,0,0,0,0,0,0,10001,160000,0
count2_16_256,2,"NODE16,NODE256",count2_node16_node256,controlled_fanout,320000,1,32,10000,0,0,insert,0.043832000,320000,7.300602,320000,0,1,0,0,10040,10041,320000,20722720,7040000,27762720,86.758,5.000,5,0,1,10000,1,0,39,0,0,160,0,0,0,20722560,0,0,0,0,0,0,1,320000,0
count2_16_256,2,"NODE16,NODE256",count2_node16_node256,controlled_fanout,320000,1,32,10000,0,0,lookup_success,0.011653000,320000,27.460741,320000,0,1,0,0,10040,10041,320000,20722720,7040000,27762720,86.758,5.000,5,0,1,10000,1,0,39,0,0,160,0,0,0,20722560,0,0,0,0,0,0,1,320000,0
count2_16_256,2,"NODE16,NODE256",count2_node16_node256,controlled_fanout,320000,1,32,10000,0,0,lookup_absent_early,0.009310001,320000,34.371641,320000,0,1,0,0,10040,10041,320000,20722720,7040000,27762720,86.758,5.000,5,0,1,10000,1,0,39,0,0,160,0,0,0,20722560,0,0,0,0,0,0,1,320000,0
count2_16_256,2,"NODE16,NODE256",count2_node16_node256,controlled_fanout,320000,1,32,10000,0,0,lookup_absent_late,0.005880999,320000,54.412521,320000,0,1,0,0,10040,10041,320000,20722720,7040000,27762720,86.758,5.000,5,0,1,10000,1,0,39,0,0,160,0,0,0,20722560,0,0,0,0,0,0,1,320000,0
count2_16_256,2,"NODE16,NODE256",count2_node16_node256,controlled_fanout,320000,1,32,10000,0,0,insert,0.045405000,320000,7.047682,320000,0,1,0,0,10040,10041,320000,20722720,7040000,27762720,86.758,5.000,5,0,1,10000,1,0,39,0,0,160,0,0,0,20722560,0,0,0,0,0,0,1,320000,0
count2_16_256,2,"NODE16,NODE256",count2_node16_node256,controlled_fanout,320000,1,32,10000,0,0,lookup_success,0.010440000,320000,30.651340,320000,0,1,0,0,10040,10041,320000,20722720,7040000,27762720,86.758,5.000,5,0,1,10000,1,0,39,0,0,160,0,0,0,20722560,0,0,0,0,0,0,1,320000,0
count2_16_256,2,"NODE16,NODE256",count2_node16_node256,controlled_fanout,320000,1,32,10000,0,0,lookup_absent_early,0.008486000,320000,37.709169,320000,0,1,0,0,10040,10041,320000,20722720,7040000,27762720,86.758,5.000,5,0,1,10000,1,0,39,0,0,160,0,0,0,20722560,0,0,0,0,0,0,1,320000,0
count2_16_256,2,"NODE16,NODE256",count2_node16_node256,controlled_fanout,320000,1,32,10000,0,0,lookup_absent_late,0.006390000,320000,50.078249,320000,0,1,0,0,10040,10041,320000,20722720,7040000,27762720,86.758,5.000,5,0,1,10000,1,0,39,0,0,160,0,0,0,20722560,0,0,0,0,0,0,1,320000,0
count2_16_256,2,"NODE16,NODE256",count2_node16_node256,controlled_fanout,320000,1,32,10000,0,0,insert,0.042935000,320000,7.453127,320000,0,1,0,0,10040,10041,320000,20722720,7040000,27762720,86.758,5.000,5,0,1,10000,1,0,39,0,0,160,0,0,0,20722560,0,0,0,0,0,0,1,320000,0
count2_16_256,2,"NODE16,NODE256",count2_node16_node256,controlled_fanout,320000,1,32,10000,0,0,lookup_success,0.010303000,320000,31.058915,320000,0,1,0,0,10040,10041,320000,20722720,7040000,27762720,86.758,5.000,5,0,1,10000,1,0,39,0,0,160,0,0,0,20722560,0,0,0,0,0,0,1,320000,0
count2_16_256,2,"NODE16,NODE256",count2_node16_node256,controlled_fanout,320000,1,32,10000,0,0,lookup_absent_early,0.008283000,320000,38.633348,320000,0,1,0,0,10040,10041,320000,20722720,7040000,27762720,86.758,5.000,5,0,1,10000,1,0,39,0,0,160,0,0,0,20722560,0,0,0,0,0,0,1,320000,0
count2_16_256,2,"NODE16,NODE256",count2_node16_node256,controlled_fanout,320000,1,32,10000,0,0,lookup_absent_late,0.006507000,320000,49.177809,320000,0,1,0,0,10040,10041,320000,20722720,7040000,27762720,86.758,5.000,5,0,1,10000,1,0,39,0,0,160,0,0,0,20722560,0,0,0,0,0,0,1,320000,0
count3_4_16_256,3,"NODE4,NODE16,NODE256",count3_node4_node16_node256,dense_uint64,100000,1,0,0,0,0,insert,0.004304000,100000,23.234200,100000,1,0,0,0,393,394,100000,811208,2400000,3211208,32.112,8.000,8,1,0,0,0,0,393,0,56,0,0,0,0,811152,0,0,0,0,1,0,0,100000,0
count3_4_16_256,3,"NODE4,NODE16,NODE256",count3_node4_node16_node256,dense_uint64,100000,1,0,0,0,0,lookup_success,0.002502999,100000,39.952069,100000,1,0,0,0,393,394,100000,811208,2400000,3211208,32.112,8.000,8,1,0,0,0,0,393,0,56,0,0,0,0,811152,0,0,0,0,1,0,0,100000,0
count3_4_16_256,3,"NODE4,NODE16,NODE256",count3_node4_node16_node256,dense_uint64,100000,1,0,0,0,0,lookup_absent_early,0.000764000,100000,130.890013,100000,1,0,0,0,393,394,100000,811208,2400000,3211208,32.112,8.000,8,1,0,0,0,0,393,0,56,0,0,0,0,811152,0,0,0,0,1,0,0,100000,0
count3_4_16_256,3,"NODE4,NODE16,NODE256",count3_node4_node16_node256,dense_uint64,100000,1,0,0,0,0,lookup_absent_late,0.001794000,100000,55.741355,100000,1,0,0,0,393,394,100000,811208,2400000,3211208,32.112,8.000,8,1,0,0,0,0,393,0,56,0,0,0,0,811152,0,0,0,0,1,0,0,100000,0
count3_4_16_256,3,"NODE4,NODE16,NODE256",count3_node4_node16_node256,dense_uint64,100000,1,0,0,0,0,insert,0.006073999,100000,16.463618,100000,1,0,0,0,393,394,100000,811208,2400000,3211208,32.112,8.000,8,1,0,0,0,0,393,0,56,0,0,0,0,811152,0,0,0,0,1,0,0,100000,0
count3_4_16_256,3,"NODE4,NODE16,NODE256",count3_node4_node16_node256,dense_uint64,100000,1,0,0,0,0,lookup_success,0.001911000,100000,52.328614,100000,1,0,0,0,393,394,100000,811208,2400000,3211208,32.112,8.000,8,1,0,0,0,0,393,0,56,0,0,0,0,811152,0,0,0,0,1,0,0,100000,0
count3_4_16_256,3,"NODE4,NODE16,NODE256",count3_node4_node16_node256,dense_uint64,100000,1,0,0,0,0,lookup_absent_early,0.000713999,100000,140.056143,100000,1,0,0,0,393,394,100000,811208,2400000,3211208,32.112,8.000,8,1,0,0,0,0,393,0,56,0,0,0,0,811152,0,0,0,0,1,0,0,100000,0
count3_4_16_256,3,"NODE4,NODE16,NODE256",count3_node4_node16_node256,dense_uint64,100000,1,0,0,0,0,lookup_absent_late,0.001631000,100000,61.312076,100000,1,0,0,0,393,394,100000,811208,2400000,3211208,32.112,8.000,8,1,0,0,0,0,393,0,56,0,0,0,0,811152,0,0,0,0,1,0,0,100000,0
count3_4_16_256,3,"NODE4,NODE16,NODE256",count3_node4_node16_node256,dense_uint64,100000,1,0,0,0,0,insert,0.005438000,100000,18.389114,100000,1,0,0,0,393,394,100000,811208,2400000,3211208,32.112,8.000,8,1,0,0,0,0,393,0,56,0,0,0,0,811152,0,0,0,0,1,0,0,100000,0
count3_4_16_256,3,"NODE4,NODE16,NODE256",count3_node4_node16_node256,dense_uint64,100000,1,0,0,0,0,lookup_success,0.001889001,100000,52.938044,100000,1,0,0,0,393,394,100000,811208,2400000,3211208,32.112,8.000,8,1,0,0,0,0,393,0,56,0,0,0,0,811152,0,0,0,0,1,0,0,100000,0
count3_4_16_256,3,"NODE4,NODE16,NODE256",count3_node4_node16_node256,dense_uint64,100000,1,0,0,0,0,lookup_absent_early,0.000830000,100000,120.481889,100000,1,0,0,0,393,394,100000,811208,2400000,3211208,32.112,8.000,8,1,0,0,0,0,393,0,56,0,0,0,0,811152,0,0,0,0,1,0,0,100000,0
count3_4_16_256,3,"NODE4,NODE16,NODE256",count3_node4_node16_node256,dense_uint64,100000,1,0,0,0,0,lookup_absent_late,0.001288000,100000,77.639778,100000,1,0,0,0,393,394,100000,811208,2400000,3211208,32.112,8.000,8,1,0,0,0,0,393,0,56,0,0,0,0,811152,0,0,0,0,1,0,0,100000,0
count3_4_16_256,3,"NODE4,NODE16,NODE256",count3_node4_node16_node256,dense_uint64,1000000,1,0,0,0,0,insert,0.167839000,1000000,5.958091,1000000,0,1,0,0,3923,3924,1000000,8097232,24000000,32097232,32.097,8.000,8,0,1,0,0,1,3922,0,0,160,0,0,0,8097072,0,0,0,0,0,0,1,1000000,0
count3_4_16_256,3,"NODE4,NODE16,NODE256",count3_node4_node16_node256,dense_uint64,1000000,1,0,0,0,0,lookup_success,0.106177000,1000000,9.418236,1000000,0,1,0,0,3923,3924,1000000,8097232,24000000,32097232,32.097,8.000,8,0,1,0,0,1,3922,0,0,160,0,0,0,8097072,0,0,0,0,0,0,1,1000000,0
count3_4_16_256,3,"NODE4,NODE16,NODE256",count3_node4_node16_node256,dense_uint64,1000000,1,0,0,0,0,lookup_absent_early,0.006958000,1000000,143.719452,1000000,0,1,0,0,3923,3924,1000000,8097232,24000000,32097232,32.097,8.000,8,0,1,0,0,1,3922,0,0,160,0,0,0,8097072,0,0,0,0,0,0,1,1000000,0
count3_4_16_256,3,"NODE4,NODE16,NODE256",count3_node4_node16_node256,dense_uint64,1000000,1,0,0,0,0,lookup_absent_late,0.021764999,1000000,45.945327,1000000,0,1,0,0,3923,3924,1000000,8097232,24000000,32097232,32.097,8.000,8,0,1,0,0,1,3922,0,0,160,0,0,0,8097072,0,0,0,0,0,0,1,1000000,0
count3_4_16_256,3,"NODE4,NODE16,NODE256",count3_node4_node16_node256,dense_uint64,1000000,1,0,0,0,0,insert,0.196084000,1000000,5.099855,1000000,0,1,0,0,3923,3924,1000000,8097232,24000000,32097232,32.097,8.000,8,0,1,0,0,1,3922,0,0,160,0,0,0,8097072,0,0,0,0,0,0,1,1000000,0
count3_4_16_256,3,"NODE4,NODE16,NODE256",count3_node4_node16_node256,dense_uint64,1000000,1,0,0,0,0,lookup_success,0.104661000,1000000,9.554657,1000000,0,1,0,0,3923,3924,1000000,8097232,24000000,32097232,32.097,8.000,8,0,1,0,0,1,3922,0,0,160,0,0,0,8097072,0,0,0,0,0,0,1,1000000,0
count3_4_16_256,3,"NODE4,NODE16,NODE256",count3_node4_node16_node256,dense_uint64,1000000,1,0,0,0,0,lookup_absent_early,0.006957000,1000000,143.740115,1000000,0,1,0,0,3923,3924,1000000,8097232,24000000,32097232,32.097,8.000,8,0,1,0,0,1,3922,0,0,160,0,0,0,8097072,0,0,0,0,0,0,1,1000000,0
count3_4_16_256,3,"NODE4,NODE16,NODE256",count3_node4_node16_node256,dense_uint64,1000000,1,0,0,0,0,lookup_absent_late,0.021473000,1000000,46.570112,1000000,0,1,0,0,3923,3924,1000000,8097232,24000000,32097232,32.097,8.000,8,0,1,0,0,1,3922,0,0,160,0,0,0,8097072,0,0,0,0,0,0,1,1000000,0
count3_4_16_256,3,"NODE4,NODE16,NODE256",count3_node4_node16_node256,dense_uint64,1000000,1,0,0,0,0,insert,0.168858000,1000000,5.922136,1000000,0,1,0,0,3923,3924,1000000,8097232,24000000,32097232,32.097,8.000,8,0,1,0,0,1,3922,0,0,160,0,0,0,8097072,0,0,0,0,0,0,1,1000000,0
count3_4_16_256,3,"NODE4,NODE16,NODE256",count3_node4_node16_node256,dense_uint64,1000000,1,0,0,0,0,lookup_success,0.103821000,1000000,9.631963,1000000,0,1,0,0,3923,3924,1000000,8097232,24000000,32097232,32.097,8.000,8,0,1,0,0,1,3922,0,0,160,0,0,0,8097072,0,0,0,0,0,0,1,1000000,0
count3_4_16_256,3,"NODE4,NODE16,NODE256",count3_node4_node16_node256,dense_uint64,1000000,1,0,0,0,0,lookup_absent_early,0.006890001,1000000,145.137865,1000000,0,1,0,0,3923,3924,1000000,8097232,24000000,32097232,32.097,8.000,8,0,1,0,0,1,3922,0,0,160,0,0,0,8097072,0,0,0,0,0,0,1,1000000,0
count3_4_16_256,3,"NODE4,NODE16,NODE256",count3_node4_node16_node256,dense_uint64,1000000,1,0,0,0,0,lookup_absent_late,0.022582000,1000000,44.283057,1000000,0,1,0,0,3923,3924,1000000,8097232,24000000,32097232,32.097,8.000,8,0,1,0,0,1,3922,0,0,160,0,0,0,8097072,0,0,0,0,0,0,1,1000000,0
count3_4_16_256,3,"NODE4,NODE16,NODE256",count3_node4_node16_node256,sparse_uint64,100000,1,0,0,0,0,insert,0.007134000,100000,14.017382,100000,28664,1221,0,0,257,30142,100000,2330992,2400000,4730992,47.310,2.789,4,28664,1221,0,0,0,257,0,1605184,195360,0,0,0,530448,0,0,0,0,17071,12528,286,100000,0
count3_4_16_256,3,"NODE4,NODE16,NODE256",count3_node4_node16_node256,sparse_uint64,100000,1,0,0,0,0,lookup_success,0.002772000,100000,36.075040,100000,28664,1221,0,0,257,30142,100000,2330992,2400000,4730992,47.310,2.789,4,28664,1221,0,0,0,257,0,1605184,195360,0,0,0,530448,0,0,0,0,17071,12528,286,100000,0
count3_4_16_256,3,"NODE4,NODE16,NODE256",count3_node4_node16_node256,sparse_uint64,100000,1,0,0,0,0,lookup_absent_early,0.001844000,100000,54.229933,100000,28664,1221,0,0,257,30142,100000,2330992,2400000,4730992,47.310,2.789,4,28664,1221,0,0,0,257,0,1605184,195360,0,0,0,530448,0,0,0,0,17071,12528,286,100000,0
count3_4_16_256,3,"NODE4,NODE16,NODE256",count3_node4_node16_node256,sparse_uint64,100000,1,0,0,0,0,lookup_absent_late,0.002472000,100000,40.453071,100000,28664,1221,0,0,257,30142,100000,2330992,2400000,4730992,47.310,2.789,4,28664,1221,0,0,0,257,0,1605184,195360,0,0,0,530448,0,0,0,0,17071,12528,286,100000,0
count3_4_16_256,3,"NODE4,NODE16,NODE256",count3_node4_node16_node256,sparse_uint64,100000,1,0,0,0,0,insert,0.006656000,100000,15.024038,100000,28664,1221,0,0,257,30142,100000,2330992,2400000,4730992,47.310,2.789,4,28664,1221,0,0,0,257,0,1605184,195360,0,0,0,530448,0,0,0,0,17071,12528,286,100000,0
count3_4_16_256,3,"NODE4,NODE16,NODE256",count3_node4_node16_node256,sparse_uint64,100000,1,0,0,0,0,lookup_success,0.002750000,100000,36.363637,100000,28664,1221,0,0,257,30142,100000,2330992,2400000,4730992,47.310,2.789,4,28664,1221,0,0,0,257,0,1605184,195360,0,0,0,530448,0,0,0,0,17071,12528,286,100000,0
count3_4_16_256,3,"NODE4,NODE16,NODE256",count3_node4_node16_node256,sparse_uint64,100000,1,0,0,0,0,lookup_absent_early,0.001794000,100000,55.741355,100000,28664,1221,0,0,257,30142,100000,2330992,2400000,4730992,47.310,2.789,4,28664,1221,0,0,0,257,0,1605184,195360,0,0,0,530448,0,0,0,0,17071,12528,286,100000,0
count3_4_16_256,3,"NODE4,NODE16,NODE256",count3_node4_node16_node256,sparse_uint64,100000,1,0,0,0,0,lookup_absent_late,0.002120000,100000,47.169804,100000,28664,1221,0,0,257,30142,100000,2330992,2400000,4730992,47.310,2.789,4,28664,1221,0,0,0,257,0,1605184,195360,0,0,0,530448,0,0,0,0,17071,12528,286,100000,0
count3_4_16_256,3,"NODE4,NODE16,NODE256",count3_node4_node16_node256,sparse_uint64,100000,1,0,0,0,0,insert,0.007573000,100000,13.204806,100000,28664,1221,0,0,257,30142,100000,2330992,2400000,4730992,47.310,2.789,4,28664,1221,0,0,0,257,0,1605184,195360,0,0,0,530448,0,0,0,0,17071,12528,286,100000,0
count3_4_16_256,3,"NODE4,NODE16,NODE256",count3_node4_node16_node256,sparse_uint64,100000,1,0,0,0,0,lookup_success,0.003588000,100000,27.870678,100000,28664,1221,0,0,257,30142,100000,2330992,2400000,4730992,47.310,2.789,4,28664,1221,0,0,0,257,0,1605184,195360,0,0,0,530448,0,0,0,0,17071,12528,286,100000,0
count3_4_16_256,3,"NODE4,NODE16,NODE256",count3_node4_node16_node256,sparse_uint64,100000,1,0,0,0,0,lookup_absent_early,0.001879000,100000,53.219795,100000,28664,1221,0,0,257,30142,100000,2330992,2400000,4730992,47.310,2.789,4,28664,1221,0,0,0,257,0,1605184,195360,0,0,0,530448,0,0,0,0,17071,12528,286,100000,0
count3_4_16_256,3,"NODE4,NODE16,NODE256",count3_node4_node16_node256,sparse_uint64,100000,1,0,0,0,0,lookup_absent_late,0.002207001,100000,45.310361,100000,28664,1221,0,0,257,30142,100000,2330992,2400000,4730992,47.310,2.789,4,28664,1221,0,0,0,257,0,1605184,195360,0,0,0,530448,0,0,0,0,17071,12528,286,100000,0
count3_4_16_256,3,"NODE4,NODE16,NODE256",count3_node4_node16_node256,sparse_uint64,1000000,1,0,0,0,0,insert,0.305369000,1000000,3.274727,1000000,28581,44789,0,0,20948,94318,1000000,52003448,24000000,76003448,76.003,3.058,6,28581,44789,20689,2,0,257,0,1600536,7166240,0,0,0,43236672,0,0,0,0,27948,748,44674,1000000,0
count3_4_16_256,3,"NODE4,NODE16,NODE256",count3_node4_node16_node256,sparse_uint64,1000000,1,0,0,0,0,lookup_success,0.121859000,1000000,8.206206,1000000,28581,44789,0,0,20948,94318,1000000,52003448,24000000,76003448,76.003,3.058,6,28581,44789,20689,2,0,257,0,1600536,7166240,0,0,0,43236672,0,0,0,0,27948,748,44674,1000000,0
count3_4_16_256,3,"NODE4,NODE16,NODE256",count3_node4_node16_node256,sparse_uint64,1000000,1,0,0,0,0,lookup_absent_early,0.041788001,1000000,23.930315,1000000,28581,44789,0,0,20948,94318,1000000,52003448,24000000,76003448,76.003,3.058,6,28581,44789,20689,2,0,257,0,1600536,7166240,0,0,0,43236672,0,0,0,0,27948,748,44674,1000000,0
count3_4_16_256,3,"NODE4,NODE16,NODE256",count3_node4_node16_node256,sparse_uint64,1000000,1,0,0,0,0,lookup_absent_late,0.074805000,1000000,13.368090,1000000,28581,44789,0,0,20948,94318,1000000,52003448,24000000,76003448,76.003,3.058,6,28581,44789,20689,2,0,257,0,1600536,7166240,0,0,0,43236672,0,0,0,0,27948,748,44674,1000000,0
count3_4_16_256,3,"NODE4,NODE16,NODE256",count3_node4_node16_node256,sparse_uint64,1000000,1,0,0,0,0,insert,0.298069000,1000000,3.354928,1000000,28581,44789,0,0,20948,94318,1000000,52003448,24000000,76003448,76.003,3.058,6,28581,44789,20689,2,0,257,0,1600536,7166240,0,0,0,43236672,0,0,0,0,27948,748,44674,1000000,0
count3_4_16_256,3,"NODE4,NODE16,NODE256",count3_node4_node16_node256,sparse_uint64,1000000,1,0,0,0,0,lookup_success,0.120076000,1000000,8.328059,1000000,28581,44789,0,0,20948,94318,1000000,52003448,24000000,76003448,76.003,3.058,6,28581,44789,20689,2,0,257,0,1600536,7166240,0,0,0,43236672,0,0,0,0,27948,748,44674,1000000,0
count3_4_16_256,3,"NODE4,NODE16,NODE256",count3_node4_node16_node256,sparse_uint64,1000000,1,0,0,0,0,lookup_absent_early,0.042898000,1000000,23.311110,1000000,28581,44789,0,0,20948,94318,1000000,52003448,24000000,76003448,76.003,3.058,6,28581,44789,20689,2,0,257,0,1600536,7166240,0,0,0,43236672,0,0,0,0,27948,748,44674,1000000,0
count3_4_16_256,3,"NODE4,NODE16,NODE256",count3_node4_node16_node256,sparse_uint64,1000000,1,0,0,0,0,lookup_absent_late,0.073423999,1000000,13.619525,1000000,28581,44789,0,0,20948,94318,1000000,52003448,24000000,76003448,76.003,3.058,6,28581,44789,20689,2,0,257,0,1600536,7166240,0,0,0,43236672,0,0,0,0,27948,748,44674,1000000,0
count3_4_16_256,3,"NODE4,NODE16,NODE256",count3_node4_node16_node256,sparse_uint64,1000000,1,0,0,0,0,insert,0.300535000,1000000,3.327399,1000000,28581,44789,0,0,20948,94318,1000000,52003448,24000000,76003448,76.003,3.058,6,28581,44789,20689,2,0,257,0,1600536,7166240,0,0,0,43236672,0,0,0,0,27948,748,44674,1000000,0
count3_4_16_256,3,"NODE4,NODE16,NODE256",count3_node4_node16_node256,sparse_uint64,1000000,1,0,0,0,0,lookup_success,0.121915000,1000000,8.202436,1000000,28581,44789,0,0,20948,94318,1000000,52003448,24000000,76003448,76.003,3.058,6,28581,44789,20689,2,0,257,0,1600536,7166240,0,0,0,43236672,0,0,0,0,27948,748,44674,1000000,0
count3_4_16_256,3,"NODE4,NODE16,NODE256",count3_node4_node16_node256,sparse_uint64,1000000,1,0,0,0,0,lookup_absent_early,0.041658999,1000000,24.004417,1000000,28581,44789,0,0,20948,94318,1000000,52003448,24000000,76003448,76.003,3.058,6,28581,44789,20689,2,0,257,0,1600536,7166240,0,0,0,43236672,0,0,0,0,27948,748,44674,1000000,0
count3_4_16_256,3,"NODE4,NODE16,NODE256",count3_node4_node16_node256,sparse_uint64,1000000,1,0,0,0,0,lookup_absent_late,0.073592001,1000000,13.588433,1000000,28581,44789,0,0,20948,94318,1000000,52003448,24000000,76003448,76.003,3.058,6,28581,44789,20689,2,0,257,0,1600536,7166240,0,0,0,43236672,0,0,0,0,27948,748,44674,1000000,0
count3_4_16_256,3,"NODE4,NODE16,NODE256",count3_node4_node16_node256,controlled_fanout,100000,1,10,10000,0,0,insert,0.009417000,100000,10.619093,100000,0,10001,0,0,40,10041,100000,1682720,2200000,3882720,38.827,5.000,5,0,10001,0,1,0,39,0,0,1600160,0,0,0,82560,0,0,0,0,0,0,10001,100000,0
count3_4_16_256,3,"NODE4,NODE16,NODE256",count3_node4_node16_node256,controlled_fanout,100000,1,10,10000,0,0,lookup_success,0.002417000,100000,41.373603,100000,0,10001,0,0,40,10041,100000,1682720,2200000,3882720,38.827,5.000,5,0,10001,0,1,0,39,0,0,1600160,0,0,0,82560,0,0,0,0,0,0,10001,100000,0
count3_4_16_256,3,"NODE4,NODE16,NODE256",count3_node4_node16_node256,controlled_fanout,100000,1,10,10000,0,0,lookup_absent_early,0.001939001,100000,51.572961,100000,0,10001,0,0,40,10041,100000,1682720,2200000,3882720,38.827,5.000,5,0,10001,0,1,0,39,0,0,1600160,0,0,0,82560,0,0,0,0,0,0,10001,100000,0
count3_4_16_256,3,"NODE4,NODE16,NODE256",count3_node4_node16_node256,controlled_fanout,100000,1,10,10000,0,0,lookup_absent_late,0.001321999,100000,75.643002,100000,0,10001,0,0,40,10041,100000,1682720,2200000,3882720,38.827,5.000,5,0,10001,0,1,0,39,0,0,1600160,0,0,0,82560,0,0,0,0,0,0,10001,100000,0
count3_4_16_256,3,"NODE4,NODE16,NODE256",count3_node4_node16_node256,controlled_fanout,100000,1,10,10000,0,0,insert,0.008348000,100000,11.978917,100000,0,10001,0,0,40,10041,100000,1682720,2200000,3882720,38.827,5.000,5,0,10001,0,1,0,39,0,0,1600160,0,0,0,82560,0,0,0,0,0,0,10001,100000,0
count3_4_16_256,3,"NODE4,NODE16,NODE256",count3_node4_node16_node256,controlled_fanout,100000,1,10,10000,0,0,lookup_success,0.002099000,100000,47.641736,100000,0,10001,0,0,40,10041,100000,1682720,2200000,3882720,38.827,5.000,5,0,10001,0,1,0,39,0,0,1600160,0,0,0,82560,0,0,0,0,0,0,10001,100000,0
count3_4_16_256,3,"NODE4,NODE16,NODE256",count3_node4_node16_node256,controlled_fanout,100000,1,10,10000,0,0,lookup_absent_early,0.001592000,100000,62.814070,100000,0,10001,0,0,40,10041,100000,1682720,2200000,3882720,38.827,5.000,5,0,10001,0,1,0,39,0,0,1600160,0,0,0,82560,0,0,0,0,0,0,10001,100000,0
count3_4_16_256,3,"NODE4,NODE16,NODE256",count3_node4_node16_node256,controlled_fanout,100000,1,10,10000,0,0,lookup_absent_late,0.001312001,100000,76.219473,100000,0,10001,0,0,40,10041,100000,1682720,2200000,3882720,38.827,5.000,5,0,10001,0,1,0,39,0,0,1600160,0,0,0,82560,0,0,0,0,0,0,10001,100000,0
count3_4_16_256,3,"NODE4,NODE16,NODE256",count3_node4_node16_node256,controlled_fanout,100000,1,10,10000,0,0,insert,0.009875000,100000,10.126583,100000,0,10001,0,0,40,10041,100000,1682720,2200000,3882720,38.827,5.000,5,0,10001,0,1,0,39,0,0,1600160,0,0,0,82560,0,0,0,0,0,0,10001,100000,0
count3_4_16_256,3,"NODE4,NODE16,NODE256",count3_node4_node16_node256,controlled_fanout,100000,1,10,10000,0,0,lookup_success,0.002143000,100000,46.663550,100000,0,10001,0,0,40,10041,100000,1682720,2200000,3882720,38.827,5.000,5,0,10001,0,1,0,39,0,0,1600160,0,0,0,82560,0,0,0,0,0,0,10001,100000,0
count3_4_16_256,3,"NODE4,NODE16,NODE256",count3_node4_node16_node256,controlled_fanout,100000,1,10,10000,0,0,lookup_absent_early,0.001688000,100000,59.241713,100000,0,10001,0,0,40,10041,100000,1682720,2200000,3882720,38.827,5.000,5,0,10001,0,1,0,39,0,0,1600160,0,0,0,82560,0,0,0,0,0,0,10001,100000,0
count3_4_16_256,3,"NODE4,NODE16,NODE256",count3_node4_node16_node256,controlled_fanout,100000,1,10,10000,0,0,lookup_absent_late,0.001666999,100000,59.988023,100000,0,10001,0,0,40,10041,100000,1682720,2200000,3882720,38.827,5.000,5,0,10001,0,1,0,39,0,0,1600160,0,0,0,82560,0,0,0,0,0,0,10001,100000,0
count3_4_16_256,3,"NODE4,NODE16,NODE256",count3_node4_node16_node256,controlled_fanout,160000,1,16,10000,0,0,insert,0.016819000,160000,9.513051,160000,0,10001,0,0,40,10041,160000,1682720,3520000,5202720,32.517,5.000,5,0,10001,0,1,0,39,0,0,1600160,0,0,0,82560,0,0,0,0,0,0,10001,160000,0
count3_4_16_256,3,"NODE4,NODE16,NODE256",count3_node4_node16_node256,controlled_fanout,160000,1,16,10000,0,0,lookup_success,0.004307999,160000,37.140211,160000,0,10001,0,0,40,10041,160000,1682720,3520000,5202720,32.517,5.000,5,0,10001,0,1,0,39,0,0,1600160,0,0,0,82560,0,0,0,0,0,0,10001,160000,0
count3_4_16_256,3,"NODE4,NODE16,NODE256",count3_node4_node16_node256,controlled_fanout,160000,1,16,10000,0,0,lookup_absent_early,0.003649000,160000,43.847629,160000,0,10001,0,0,40,10041,160000,1682720,3520000,5202720,32.517,5.000,5,0,10001,0,1,0,39,0,0,1600160,0,0,0,82560,0,0,0,0,0,0,10001,160000,0
count3_4_16_256,3,"NODE4,NODE16,NODE256",count3_node4_node16_node256,controlled_fanout,160000,1,16,10000,0,0,lookup_absent_late,0.002879000,160000,55.574847,160000,0,10001,0,0,40,10041,160000,1682720,3520000,5202720,32.517,5.000,5,0,10001,0,1,0,39,0,0,1600160,0,0,0,82560,0,0,0,0,0,0,10001,160000,0
count3_4_16_256,3,"NODE4,NODE16,NODE256",count3_node4_node16_node256,controlled_fanout,160000,1,16,10000,0,0,insert,0.016926000,160000,9.452913,160000,0,10001,0,0,40,10041,160000,1682720,3520000,5202720,32.517,5.000,5,0,10001,0,1,0,39,0,0,1600160,0,0,0,82560,0,0,0,0,0,0,10001,160000,0
count3_4_16_256,3,"NODE4,NODE16,NODE256",count3_node4_node16_node256,controlled_fanout,160000,1,16,10000,0,0,lookup_success,0.003830999,160000,41.764562,160000,0,10001,0,0,40,10041,160000,1682720,3520000,5202720,32.517,5.000,5,0,10001,0,1,0,39,0,0,1600160,0,0,0,82560,0,0,0,0,0,0,10001,160000,0
count3_4_16_256,3,"NODE4,NODE16,NODE256",count3_node4_node16_node256,controlled_fanout,160000,1,16,10000,0,0,lookup_absent_early,0.003358000,160000,47.647410,160000,0,10001,0,0,40,10041,160000,1682720,3520000,5202720,32.517,5.000,5,0,10001,0,1,0,39,0,0,1600160,0,0,0,82560,0,0,0,0,0,0,10001,160000,0
count3_4_16_256,3,"NODE4,NODE16,NODE256",count3_node4_node16_node256,controlled_fanout,160000,1,16,10000,0,0,lookup_absent_late,0.002045999,160000,78.201396,160000,0,10001,0,0,40,10041,160000,1682720,3520000,5202720,32.517,5.000,5,0,10001,0,1,0,39,0,0,1600160,0,0,0,82560,0,0,0,0,0,0,10001,160000,0
count3_4_16_256,3,"NODE4,NODE16,NODE256",count3_node4_node16_node256,controlled_fanout,160000,1,16,10000,0,0,insert,0.017343000,160000,9.225624,160000,0,10001,0,0,40,10041,160000,1682720,3520000,5202720,32.517,5.000,5,0,10001,0,1,0,39,0,0,1600160,0,0,0,82560,0,0,0,0,0,0,10001,160000,0
count3_4_16_256,3,"NODE4,NODE16,NODE256",count3_node4_node16_node256,controlled_fanout,160000,1,16,10000,0,0,lookup_success,0.004353000,160000,36.756261,160000,0,10001,0,0,40,10041,160000,1682720,3520000,5202720,32.517,5.000,5,0,10001,0,1,0,39,0,0,1600160,0,0,0,82560,0,0,0,0,0,0,10001,160000,0
count3_4_16_256,3,"NODE4,NODE16,NODE256",count3_node4_node16_node256,controlled_fanout,160000,1,16,10000,0,0,lookup_absent_early,0.003958000,160000,40.424458,160000,0,10001,0,0,40,10041,160000,1682720,3520000,5202720,32.517,5.000,5,0,10001,0,1,0,39,0,0,1600160,0,0,0,82560,0,0,0,0,0,0,10001,160000,0
count3_4_16_256,3,"NODE4,NODE16,NODE256",count3_node4_node16_node256,controlled_fanout,160000,1,16,10000,0,0,lookup_absent_late,0.002313000,160000,69.174228,160000,0,10001,0,0,40,10041,160000,1682720,3520000,5202720,32.517,5.000,5,0,10001,0,1,0,39,0,0,1600160,0,0,0,82560,0,0,0,0,0,0,10001,160000,0
count3_4_16_256,3,"NODE4,NODE16,NODE256",count3_node4_node16_node256,controlled_fanout,320000,1,32,10000,0,0,insert,0.045744000,320000,6.995453,320000,0,1,0,0,10040,10041,320000,20722720,7040000,27762720,86.758,5.000,5,0,1,10000,1,0,39,0,0,160,0,0,0,20722560,0,0,0,0,0,0,1,320000,0
count3_4_16_256,3,"NODE4,NODE16,NODE256",count3_node4_node16_node256,controlled_fanout,320000,1,32,10000,0,0,lookup_success,0.012970000,320000,24.672322,320000,0,1,0,0,10040,10041,320000,20722720,7040000,27762720,86.758,5.000,5,0,1,10000,1,0,39,0,0,160,0,0,0,20722560,0,0,0,0,0,0,1,320000,0
count3_4_16_256,3,"NODE4,NODE16,NODE256",count3_node4_node16_node256,controlled_fanout,320000,1,32,10000,0,0,lookup_absent_early,0.008260000,320000,38.740922,320000,0,1,0,0,10040,10041,320000,20722720,7040000,27762720,86.758,5.000,5,0,1,10000,1,0,39,0,0,160,0,0,0,20722560,0,0,0,0,0,0,1,320000,0
count3_4_16_256,3,"NODE4,NODE16,NODE256",count3_node4_node16_node256,controlled_fanout,320000,1,32,10000,0,0,lookup_absent_late,0.006893001,320000,46.423905,320000,0,1,0,0,10040,10041,320000,20722720,7040000,27762720,86.758,5.000,5,0,1,10000,1,0,39,0,0,160,0,0,0,20722560,0,0,0,0,0,0,1,320000,0
count3_4_16_256,3,"NODE4,NODE16,NODE256",count3_node4_node16_node256,controlled_fanout,320000,1,32,10000,0,0,insert,0.049183000,320000,6.506313,320000,0,1,0,0,10040,10041,320000,20722720,7040000,27762720,86.758,5.000,5,0,1,10000,1,0,39,0,0,160,0,0,0,20722560,0,0,0,0,0,0,1,320000,0
count3_4_16_256,3,"NODE4,NODE16,NODE256",count3_node4_node16_node256,controlled_fanout,320000,1,32,10000,0,0,lookup_success,0.010028000,320000,31.910650,320000,0,1,0,0,10040,10041,320000,20722720,7040000,27762720,86.758,5.000,5,0,1,10000,1,0,39,0,0,160,0,0,0,20722560,0,0,0,0,0,0,1,320000,0
count3_4_16_256,3,"NODE4,NODE16,NODE256",count3_node4_node16_node256,controlled_fanout,320000,1,32,10000,0,0,lookup_absent_early,0.008096000,320000,39.525691,320000,0,1,0,0,10040,10041,320000,20722720,7040000,27762720,86.758,5.000,5,0,1,10000,1,0,39,0,0,160,0,0,0,20722560,0,0,0,0,0,0,1,320000,0
count3_4_16_256,3,"NODE4,NODE16,NODE256",count3_node4_node16_node256,controlled_fanout,320000,1,32,10000,0,0,lookup_absent_late,0.007019000,320000,45.590539,320000,0,1,0,0,10040,10041,320000,20722720,7040000,27762720,86.758,5.000,5,0,1,10000,1,0,39,0,0,160,0,0,0,20722560,0,0,0,0,0,0,1,320000,0
count3_4_16_256,3,"NODE4,NODE16,NODE256",count3_node4_node16_node256,controlled_fanout,320000,1,32,10000,0,0,insert,0.045012999,320000,7.109057,320000,0,1,0,0,10040,10041,320000,20722720,7040000,27762720,86.758,5.000,5,0,1,10000,1,0,39,0,0,160,0,0,0,20722560,0,0,0,0,0,0,1,320000,0
count3_4_16_256,3,"NODE4,NODE16,NODE256",count3_node4_node16_node256,controlled_fanout,320000,1,32,10000,0,0,lookup_success,0.010112001,320000,31.645568,320000,0,1,0,0,10040,10041,320000,20722720,7040000,27762720,86.758,5.000,5,0,1,10000,1,0,39,0,0,160,0,0,0,20722560,0,0,0,0,0,0,1,320000,0
count3_4_16_256,3,"NODE4,NODE16,NODE256",count3_node4_node16_node256,controlled_fanout,320000,1,32,10000,0,0,lookup_absent_early,0.007376000,320000,43.383946,320000,0,1,0,0,10040,10041,320000,20722720,7040000,27762720,86.758,5.000,5,0,1,10000,1,0,39,0,0,160,0,0,0,20722560,0,0,0,0,0,0,1,320000,0
count3_4_16_256,3,"NODE4,NODE16,NODE256",count3_node4_node16_node256,controlled_fanout,320000,1,32,10000,0,0,lookup_absent_late,0.006053000,320000,52.866349,320000,0,1,0,0,10040,10041,320000,20722720,7040000,27762720,86.758,5.000,5,0,1,10000,1,0,39,0,0,160,0,0,0,20722560,0,0,0,0,0,0,1,320000,0
count4_original4,4,"NODE4,NODE16,NODE48,NODE256",count4_original4,dense_uint64,100000,1,0,0,0,0,insert,0.004836000,100000,20.678248,100000,1,0,0,0,393,394,100000,811208,2400000,3211208,32.112,8.000,8,1,0,0,0,0,393,0,56,0,0,0,0,811152,0,0,0,0,1,0,0,100000,0
count4_original4,4,"NODE4,NODE16,NODE48,NODE256",count4_original4,dense_uint64,100000,1,0,0,0,0,lookup_success,0.002263000,100000,44.189125,100000,1,0,0,0,393,394,100000,811208,2400000,3211208,32.112,8.000,8,1,0,0,0,0,393,0,56,0,0,0,0,811152,0,0,0,0,1,0,0,100000,0
count4_original4,4,"NODE4,NODE16,NODE48,NODE256",count4_original4,dense_uint64,100000,1,0,0,0,0,lookup_absent_early,0.000779000,100000,128.369686,100000,1,0,0,0,393,394,100000,811208,2400000,3211208,32.112,8.000,8,1,0,0,0,0,393,0,56,0,0,0,0,811152,0,0,0,0,1,0,0,100000,0
count4_original4,4,"NODE4,NODE16,NODE48,NODE256",count4_original4,dense_uint64,100000,1,0,0,0,0,lookup_absent_late,0.001498000,100000,66.755685,100000,1,0,0,0,393,394,100000,811208,2400000,3211208,32.112,8.000,8,1,0,0,0,0,393,0,56,0,0,0,0,811152,0,0,0,0,1,0,0,100000,0
count4_original4,4,"NODE4,NODE16,NODE48,NODE256",count4_original4,dense_uint64,100000,1,0,0,0,0,insert,0.005795999,100000,17.253280,100000,1,0,0,0,393,394,100000,811208,2400000,3211208,32.112,8.000,8,1,0,0,0,0,393,0,56,0,0,0,0,811152,0,0,0,0,1,0,0,100000,0
count4_original4,4,"NODE4,NODE16,NODE48,NODE256",count4_original4,dense_uint64,100000,1,0,0,0,0,lookup_success,0.002027000,100000,49.333984,100000,1,0,0,0,393,394,100000,811208,2400000,3211208,32.112,8.000,8,1,0,0,0,0,393,0,56,0,0,0,0,811152,0,0,0,0,1,0,0,100000,0
count4_original4,4,"NODE4,NODE16,NODE48,NODE256",count4_original4,dense_uint64,100000,1,0,0,0,0,lookup_absent_early,0.000748000,100000,133.689820,100000,1,0,0,0,393,394,100000,811208,2400000,3211208,32.112,8.000,8,1,0,0,0,0,393,0,56,0,0,0,0,811152,0,0,0,0,1,0,0,100000,0
count4_original4,4,"NODE4,NODE16,NODE48,NODE256",count4_original4,dense_uint64,100000,1,0,0,0,0,lookup_absent_late,0.001428001,100000,70.027980,100000,1,0,0,0,393,394,100000,811208,2400000,3211208,32.112,8.000,8,1,0,0,0,0,393,0,56,0,0,0,0,811152,0,0,0,0,1,0,0,100000,0
count4_original4,4,"NODE4,NODE16,NODE48,NODE256",count4_original4,dense_uint64,100000,1,0,0,0,0,insert,0.004645000,100000,21.528524,100000,1,0,0,0,393,394,100000,811208,2400000,3211208,32.112,8.000,8,1,0,0,0,0,393,0,56,0,0,0,0,811152,0,0,0,0,1,0,0,100000,0
count4_original4,4,"NODE4,NODE16,NODE48,NODE256",count4_original4,dense_uint64,100000,1,0,0,0,0,lookup_success,0.002144000,100000,46.641780,100000,1,0,0,0,393,394,100000,811208,2400000,3211208,32.112,8.000,8,1,0,0,0,0,393,0,56,0,0,0,0,811152,0,0,0,0,1,0,0,100000,0
count4_original4,4,"NODE4,NODE16,NODE48,NODE256",count4_original4,dense_uint64,100000,1,0,0,0,0,lookup_absent_early,0.000804000,100000,124.378171,100000,1,0,0,0,393,394,100000,811208,2400000,3211208,32.112,8.000,8,1,0,0,0,0,393,0,56,0,0,0,0,811152,0,0,0,0,1,0,0,100000,0
count4_original4,4,"NODE4,NODE16,NODE48,NODE256",count4_original4,dense_uint64,100000,1,0,0,0,0,lookup_absent_late,0.001354001,100000,73.855215,100000,1,0,0,0,393,394,100000,811208,2400000,3211208,32.112,8.000,8,1,0,0,0,0,393,0,56,0,0,0,0,811152,0,0,0,0,1,0,0,100000,0
count4_original4,4,"NODE4,NODE16,NODE48,NODE256",count4_original4,dense_uint64,1000000,1,0,0,0,0,insert,0.172197000,1000000,5.807302,1000000,0,1,0,0,3923,3924,1000000,8097232,24000000,32097232,32.097,8.000,8,0,1,0,0,1,3922,0,0,160,0,0,0,8097072,0,0,0,0,0,0,1,1000000,0
count4_original4,4,"NODE4,NODE16,NODE48,NODE256",count4_original4,dense_uint64,1000000,1,0,0,0,0,lookup_success,0.106494000,1000000,9.390200,1000000,0,1,0,0,3923,3924,1000000,8097232,24000000,32097232,32.097,8.000,8,0,1,0,0,1,3922,0,0,160,0,0,0,8097072,0,0,0,0,0,0,1,1000000,0
count4_original4,4,"NODE4,NODE16,NODE48,NODE256",count4_original4,dense_uint64,1000000,1,0,0,0,0,lookup_absent_early,0.006705000,1000000,149.142430,1000000,0,1,0,0,3923,3924,1000000,8097232,24000000,32097232,32.097,8.000,8,0,1,0,0,1,3922,0,0,160,0,0,0,8097072,0,0,0,0,0,0,1,1000000,0
count4_original4,4,"NODE4,NODE16,NODE48,NODE256",count4_original4,dense_uint64,1000000,1,0,0,0,0,lookup_absent_late,0.021606000,1000000,46.283439,1000000,0,1,0,0,3923,3924,1000000,8097232,24000000,32097232,32.097,8.000,8,0,1,0,0,1,3922,0,0,160,0,0,0,8097072,0,0,0,0,0,0,1,1000000,0
count4_original4,4,"NODE4,NODE16,NODE48,NODE256",count4_original4,dense_uint64,1000000,1,0,0,0,0,insert,0.172055000,1000000,5.812095,1000000,0,1,0,0,3923,3924,1000000,8097232,24000000,32097232,32.097,8.000,8,0,1,0,0,1,3922,0,0,160,0,0,0,8097072,0,0,0,0,0,0,1,1000000,0
count4_original4,4,"NODE4,NODE16,NODE48,NODE256",count4_original4,dense_uint64,1000000,1,0,0,0,0,lookup_success,0.104798000,1000000,9.542167,1000000,0,1,0,0,3923,3924,1000000,8097232,24000000,32097232,32.097,8.000,8,0,1,0,0,1,3922,0,0,160,0,0,0,8097072,0,0,0,0,0,0,1,1000000,0
count4_original4,4,"NODE4,NODE16,NODE48,NODE256",count4_original4,dense_uint64,1000000,1,0,0,0,0,lookup_absent_early,0.006801000,1000000,147.037203,1000000,0,1,0,0,3923,3924,1000000,8097232,24000000,32097232,32.097,8.000,8,0,1,0,0,1,3922,0,0,160,0,0,0,8097072,0,0,0,0,0,0,1,1000000,0
count4_original4,4,"NODE4,NODE16,NODE48,NODE256",count4_original4,dense_uint64,1000000,1,0,0,0,0,lookup_absent_late,0.022582000,1000000,44.283057,1000000,0,1,0,0,3923,3924,1000000,8097232,24000000,32097232,32.097,8.000,8,0,1,0,0,1,3922,0,0,160,0,0,0,8097072,0,0,0,0,0,0,1,1000000,0
count4_original4,4,"NODE4,NODE16,NODE48,NODE256",count4_original4,dense_uint64,1000000,1,0,0,0,0,insert,0.172032000,1000000,5.812872,1000000,0,1,0,0,3923,3924,1000000,8097232,24000000,32097232,32.097,8.000,8,0,1,0,0,1,3922,0,0,160,0,0,0,8097072,0,0,0,0,0,0,1,1000000,0
count4_original4,4,"NODE4,NODE16,NODE48,NODE256",count4_original4,dense_uint64,1000000,1,0,0,0,0,lookup_success,0.103858001,1000000,9.628531,1000000,0,1,0,0,3923,3924,1000000,8097232,24000000,32097232,32.097,8.000,8,0,1,0,0,1,3922,0,0,160,0,0,0,8097072,0,0,0,0,0,0,1,1000000,0
count4_original4,4,"NODE4,NODE16,NODE48,NODE256",count4_original4,dense_uint64,1000000,1,0,0,0,0,lookup_absent_early,0.006884000,1000000,145.264376,1000000,0,1,0,0,3923,3924,1000000,8097232,24000000,32097232,32.097,8.000,8,0,1,0,0,1,3922,0,0,160,0,0,0,8097072,0,0,0,0,0,0,1,1000000,0
count4_original4,4,"NODE4,NODE16,NODE48,NODE256",count4_original4,dense_uint64,1000000,1,0,0,0,0,lookup_absent_late,0.022800000,1000000,43.859648,1000000,0,1,0,0,3923,3924,1000000,8097232,24000000,32097232,32.097,8.000,8,0,1,0,0,1,3922,0,0,160,0,0,0,8097072,0,0,0,0,0,0,1,1000000,0
count4_original4,4,"NODE4,NODE16,NODE48,NODE256",count4_original4,sparse_uint64,100000,1,0,0,0,0,insert,0.009409999,100000,10.626993,100000,28664,1221,0,0,257,30142,100000,2330992,2400000,4730992,47.310,2.789,4,28664,1221,0,0,0,257,0,1605184,195360,0,0,0,530448,0,0,0,0,17071,12528,286,100000,0
count4_original4,4,"NODE4,NODE16,NODE48,NODE256",count4_original4,sparse_uint64,100000,1,0,0,0,0,lookup_success,0.003067000,100000,32.605153,100000,28664,1221,0,0,257,30142,100000,2330992,2400000,4730992,47.310,2.789,4,28664,1221,0,0,0,257,0,1605184,195360,0,0,0,530448,0,0,0,0,17071,12528,286,100000,0
count4_original4,4,"NODE4,NODE16,NODE48,NODE256",count4_original4,sparse_uint64,100000,1,0,0,0,0,lookup_absent_early,0.002181999,100000,45.829527,100000,28664,1221,0,0,257,30142,100000,2330992,2400000,4730992,47.310,2.789,4,28664,1221,0,0,0,257,0,1605184,195360,0,0,0,530448,0,0,0,0,17071,12528,286,100000,0
count4_original4,4,"NODE4,NODE16,NODE48,NODE256",count4_original4,sparse_uint64,100000,1,0,0,0,0,lookup_absent_late,0.002500000,100000,39.999993,100000,28664,1221,0,0,257,30142,100000,2330992,2400000,4730992,47.310,2.789,4,28664,1221,0,0,0,257,0,1605184,195360,0,0,0,530448,0,0,0,0,17071,12528,286,100000,0
count4_original4,4,"NODE4,NODE16,NODE48,NODE256",count4_original4,sparse_uint64,100000,1,0,0,0,0,insert,0.007900001,100000,12.658227,100000,28664,1221,0,0,257,30142,100000,2330992,2400000,4730992,47.310,2.789,4,28664,1221,0,0,0,257,0,1605184,195360,0,0,0,530448,0,0,0,0,17071,12528,286,100000,0
count4_original4,4,"NODE4,NODE16,NODE48,NODE256",count4_original4,sparse_uint64,100000,1,0,0,0,0,lookup_success,0.002932000,100000,34.106412,100000,28664,1221,0,0,257,30142,100000,2330992,2400000,4730992,47.310,2.789,4,28664,1221,0,0,0,257,0,1605184,195360,0,0,0,530448,0,0,0,0,17071,12528,286,100000,0
count4_original4,4,"NODE4,NODE16,NODE48,NODE256",count4_original4,sparse_uint64,100000,1,0,0,0,0,lookup_absent_early,0.001863000,100000,53.676866,100000,28664,1221,0,0,257,30142,100000,2330992,2400000,4730992,47.310,2.789,4,28664,1221,0,0,0,257,0,1605184,195360,0,0,0,530448,0,0,0,0,17071,12528,286,100000,0
count4_original4,4,"NODE4,NODE16,NODE48,NODE256",count4_original4,sparse_uint64,100000,1,0,0,0,0,lookup_absent_late,0.002057000,100000,48.614486,100000,28664,1221,0,0,257,30142,100000,2330992,2400000,4730992,47.310,2.789,4,28664,1221,0,0,0,257,0,1605184,195360,0,0,0,530448,0,0,0,0,17071,12528,286,100000,0
count4_original4,4,"NODE4,NODE16,NODE48,NODE256",count4_original4,sparse_uint64,100000,1,0,0,0,0,insert,0.008288000,100000,12.065637,100000,28664,1221,0,0,257,30142,100000,2330992,2400000,4730992,47.310,2.789,4,28664,1221,0,0,0,257,0,1605184,195360,0,0,0,530448,0,0,0,0,17071,12528,286,100000,0
count4_original4,4,"NODE4,NODE16,NODE48,NODE256",count4_original4,sparse_uint64,100000,1,0,0,0,0,lookup_success,0.002948000,100000,33.921301,100000,28664,1221,0,0,257,30142,100000,2330992,2400000,4730992,47.310,2.789,4,28664,1221,0,0,0,257,0,1605184,195360,0,0,0,530448,0,0,0,0,17071,12528,286,100000,0
count4_original4,4,"NODE4,NODE16,NODE48,NODE256",count4_original4,sparse_uint64,100000,1,0,0,0,0,lookup_absent_early,0.001798000,100000,55.617347,100000,28664,1221,0,0,257,30142,100000,2330992,2400000,4730992,47.310,2.789,4,28664,1221,0,0,0,257,0,1605184,195360,0,0,0,530448,0,0,0,0,17071,12528,286,100000,0
count4_original4,4,"NODE4,NODE16,NODE48,NODE256",count4_original4,sparse_uint64,100000,1,0,0,0,0,lookup_absent_late,0.002209000,100000,45.269347,100000,28664,1221,0,0,257,30142,100000,2330992,2400000,4730992,47.310,2.789,4,28664,1221,0,0,0,257,0,1605184,195360,0,0,0,530448,0,0,0,0,17071,12528,286,100000,0
count4_original4,4,"NODE4,NODE16,NODE48,NODE256",count4_original4,sparse_uint64,1000000,1,0,0,0,0,insert,0.293938000,1000000,3.402078,1000000,28581,44789,0,20691,257,94318,1000000,22870520,24000000,46870520,46.871,3.058,6,28581,44789,20689,2,0,257,0,1600536,7166240,0,13573296,0,530448,0,0,0,0,27948,748,44674,1000000,0
count4_original4,4,"NODE4,NODE16,NODE48,NODE256",count4_original4,sparse_uint64,1000000,1,0,0,0,0,lookup_success,0.120731000,1000000,8.282877,1000000,28581,44789,0,20691,257,94318,1000000,22870520,24000000,46870520,46.871,3.058,6,28581,44789,20689,2,0,257,0,1600536,7166240,0,13573296,0,530448,0,0,0,0,27948,748,44674,1000000,0
count4_original4,4,"NODE4,NODE16,NODE48,NODE256",count4_original4,sparse_uint64,1000000,1,0,0,0,0,lookup_absent_early,0.035560000,1000000,28.121485,1000000,28581,44789,0,20691,257,94318,1000000,22870520,24000000,46870520,46.871,3.058,6,28581,44789,20689,2,0,257,0,1600536,7166240,0,13573296,0,530448,0,0,0,0,27948,748,44674,1000000,0
count4_original4,4,"NODE4,NODE16,NODE48,NODE256",count4_original4,sparse_uint64,1000000,1,0,0,0,0,lookup_absent_late,0.072385000,1000000,13.815017,1000000,28581,44789,0,20691,257,94318,1000000,22870520,24000000,46870520,46.871,3.058,6,28581,44789,20689,2,0,257,0,1600536,7166240,0,13573296,0,530448,0,0,0,0,27948,748,44674,1000000,0
count4_original4,4,"NODE4,NODE16,NODE48,NODE256",count4_original4,sparse_uint64,1000000,1,0,0,0,0,insert,0.296380999,1000000,3.374035,1000000,28581,44789,0,20691,257,94318,1000000,22870520,24000000,46870520,46.871,3.058,6,28581,44789,20689,2,0,257,0,1600536,7166240,0,13573296,0,530448,0,0,0,0,27948,748,44674,1000000,0
count4_original4,4,"NODE4,NODE16,NODE48,NODE256",count4_original4,sparse_uint64,1000000,1,0,0,0,0,lookup_success,0.121065000,1000000,8.260026,1000000,28581,44789,0,20691,257,94318,1000000,22870520,24000000,46870520,46.871,3.058,6,28581,44789,20689,2,0,257,0,1600536,7166240,0,13573296,0,530448,0,0,0,0,27948,748,44674,1000000,0
count4_original4,4,"NODE4,NODE16,NODE48,NODE256",count4_original4,sparse_uint64,1000000,1,0,0,0,0,lookup_absent_early,0.035091000,1000000,28.497336,1000000,28581,44789,0,20691,257,94318,1000000,22870520,24000000,46870520,46.871,3.058,6,28581,44789,20689,2,0,257,0,1600536,7166240,0,13573296,0,530448,0,0,0,0,27948,748,44674,1000000,0
count4_original4,4,"NODE4,NODE16,NODE48,NODE256",count4_original4,sparse_uint64,1000000,1,0,0,0,0,lookup_absent_late,0.073319000,1000000,13.639029,1000000,28581,44789,0,20691,257,94318,1000000,22870520,24000000,46870520,46.871,3.058,6,28581,44789,20689,2,0,257,0,1600536,7166240,0,13573296,0,530448,0,0,0,0,27948,748,44674,1000000,0
count4_original4,4,"NODE4,NODE16,NODE48,NODE256",count4_original4,sparse_uint64,1000000,1,0,0,0,0,insert,0.293125001,1000000,3.411514,1000000,28581,44789,0,20691,257,94318,1000000,22870520,24000000,46870520,46.871,3.058,6,28581,44789,20689,2,0,257,0,1600536,7166240,0,13573296,0,530448,0,0,0,0,27948,748,44674,1000000,0
count4_original4,4,"NODE4,NODE16,NODE48,NODE256",count4_original4,sparse_uint64,1000000,1,0,0,0,0,lookup_success,0.121015999,1000000,8.263370,1000000,28581,44789,0,20691,257,94318,1000000,22870520,24000000,46870520,46.871,3.058,6,28581,44789,20689,2,0,257,0,1600536,7166240,0,13573296,0,530448,0,0,0,0,27948,748,44674,1000000,0
count4_original4,4,"NODE4,NODE16,NODE48,NODE256",count4_original4,sparse_uint64,1000000,1,0,0,0,0,lookup_absent_early,0.034220000,1000000,29.222677,1000000,28581,44789,0,20691,257,94318,1000000,22870520,24000000,46870520,46.871,3.058,6,28581,44789,20689,2,0,257,0,1600536,7166240,0,13573296,0,530448,0,0,0,0,27948,748,44674,1000000,0
count4_original4,4,"NODE4,NODE16,NODE48,NODE256",count4_original4,sparse_uint64,1000000,1,0,0,0,0,lookup_absent_late,0.074058000,1000000,13.502930,1000000,28581,44789,0,20691,257,94318,1000000,22870520,24000000,46870520,46.871,3.058,6,28581,44789,20689,2,0,257,0,1600536,7166240,0,13573296,0,530448,0,0,0,0,27948,748,44674,1000000,0
count4_original4,4,"NODE4,NODE16,NODE48,NODE256",count4_original4,controlled_fanout,100000,1,10,10000,0,0,insert,0.009316000,100000,10.734221,100000,0,10001,0,1,39,10041,100000,1681312,2200000,3881312,38.813,5.000,5,0,10001,0,1,0,39,0,0,1600160,0,656,0,80496,0,0,0,0,0,0,10001,100000,0
count4_original4,4,"NODE4,NODE16,NODE48,NODE256",count4_original4,controlled_fanout,100000,1,10,10000,0,0,lookup_success,0.002410999,100000,41.476574,100000,0,10001,0,1,39,10041,100000,1681312,2200000,3881312,38.813,5.000,5,0,10001,0,1,0,39,0,0,1600160,0,656,0,80496,0,0,0,0,0,0,10001,100000,0
count4_original4,4,"NODE4,NODE16,NODE48,NODE256",count4_original4,controlled_fanout,100000,1,10,10000,0,0,lookup_absent_early,0.001757001,100000,56.915178,100000,0,10001,0,1,39,10041,100000,1681312,2200000,3881312,38.813,5.000,5,0,10001,0,1,0,39,0,0,1600160,0,656,0,80496,0,0,0,0,0,0,10001,100000,0
count4_original4,4,"NODE4,NODE16,NODE48,NODE256",count4_original4,controlled_fanout,100000,1,10,10000,0,0,lookup_absent_late,0.001726000,100000,57.937440,100000,0,10001,0,1,39,10041,100000,1681312,2200000,3881312,38.813,5.000,5,0,10001,0,1,0,39,0,0,1600160,0,656,0,80496,0,0,0,0,0,0,10001,100000,0
count4_original4,4,"NODE4,NODE16,NODE48,NODE256",count4_original4,controlled_fanout,100000,1,10,10000,0,0,insert,0.007461000,100000,13.403029,100000,0,10001,0,1,39,10041,100000,1681312,2200000,3881312,38.813,5.000,5,0,10001,0,1,0,39,0,0,1600160,0,656,0,80496,0,0,0,0,0,0,10001,100000,0
count4_original4,4,"NODE4,NODE16,NODE48,NODE256",count4_original4,controlled_fanout,100000,1,10,10000,0,0,lookup_success,0.002037000,100000,49.091804,100000,0,10001,0,1,39,10041,100000,1681312,2200000,3881312,38.813,5.000,5,0,10001,0,1,0,39,0,0,1600160,0,656,0,80496,0,0,0,0,0,0,10001,100000,0
count4_original4,4,"NODE4,NODE16,NODE48,NODE256",count4_original4,controlled_fanout,100000,1,10,10000,0,0,lookup_absent_early,0.001710000,100000,58.479549,100000,0,10001,0,1,39,10041,100000,1681312,2200000,3881312,38.813,5.000,5,0,10001,0,1,0,39,0,0,1600160,0,656,0,80496,0,0,0,0,0,0,10001,100000,0
count4_original4,4,"NODE4,NODE16,NODE48,NODE256",count4_original4,controlled_fanout,100000,1,10,10000,0,0,lookup_absent_late,0.001551000,100000,64.474516,100000,0,10001,0,1,39,10041,100000,1681312,2200000,3881312,38.813,5.000,5,0,10001,0,1,0,39,0,0,1600160,0,656,0,80496,0,0,0,0,0,0,10001,100000,0
count4_original4,4,"NODE4,NODE16,NODE48,NODE256",count4_original4,controlled_fanout,100000,1,10,10000,0,0,insert,0.009313000,100000,10.737678,100000,0,10001,0,1,39,10041,100000,1681312,2200000,3881312,38.813,5.000,5,0,10001,0,1,0,39,0,0,1600160,0,656,0,80496,0,0,0,0,0,0,10001,100000,0
count4_original4,4,"NODE4,NODE16,NODE48,NODE256",count4_original4,controlled_fanout,100000,1,10,10000,0,0,lookup_success,0.002080000,100000,48.076923,100000,0,10001,0,1,39,10041,100000,1681312,2200000,3881312,38.813,5.000,5,0,10001,0,1,0,39,0,0,1600160,0,656,0,80496,0,0,0,0,0,0,10001,100000,0
count4_original4,4,"NODE4,NODE16,NODE48,NODE256",count4_original4,controlled_fanout,100000,1,10,10000,0,0,lookup_absent_early,0.001668000,100000,59.952051,100000,0,10001,0,1,39,10041,100000,1681312,2200000,3881312,38.813,5.000,5,0,10001,0,1,0,39,0,0,1600160,0,656,0,80496,0,0,0,0,0,0,10001,100000,0
count4_original4,4,"NODE4,NODE16,NODE48,NODE256",count4_original4,controlled_fanout,100000,1,10,10000,0,0,lookup_absent_late,0.001330000,100000,75.187950,100000,0,10001,0,1,39,10041,100000,1681312,2200000,3881312,38.813,5.000,5,0,10001,0,1,0,39,0,0,1600160,0,656,0,80496,0,0,0,0,0,0,10001,100000,0
count4_original4,4,"NODE4,NODE16,NODE48,NODE256",count4_original4,controlled_fanout,160000,1,16,10000,0,0,insert,0.016558001,160000,9.663002,160000,0,10001,0,1,39,10041,160000,1681312,3520000,5201312,32.508,5.000,5,0,10001,0,1,0,39,0,0,1600160,0,656,0,80496,0,0,0,0,0,0,10001,160000,0
count4_original4,4,"NODE4,NODE16,NODE48,NODE256",count4_original4,controlled_fanout,160000,1,16,10000,0,0,lookup_success,0.003581000,160000,44.680262,160000,0,10001,0,1,39,10041,160000,1681312,3520000,5201312,32.508,5.000,5,0,10001,0,1,0,39,0,0,1600160,0,656,0,80496,0,0,0,0,0,0,10001,160000,0
count4_original4,4,"NODE4,NODE16,NODE48,NODE256",count4_original4,controlled_fanout,160000,1,16,10000,0,0,lookup_absent_early,0.003673000,160000,43.561119,160000,0,10001,0,1,39,10041,160000,1681312,3520000,5201312,32.508,5.000,5,0,10001,0,1,0,39,0,0,1600160,0,656,0,80496,0,0,0,0,0,0,10001,160000,0
count4_original4,4,"NODE4,NODE16,NODE48,NODE256",count4_original4,controlled_fanout,160000,1,16,10000,0,0,lookup_absent_late,0.002281000,160000,70.144676,160000,0,10001,0,1,39,10041,160000,1681312,3520000,5201312,32.508,5.000,5,0,10001,0,1,0,39,0,0,1600160,0,656,0,80496,0,0,0,0,0,0,10001,160000,0
count4_original4,4,"NODE4,NODE16,NODE48,NODE256",count4_original4,controlled_fanout,160000,1,16,10000,0,0,insert,0.014620000,160000,10.943912,160000,0,10001,0,1,39,10041,160000,1681312,3520000,5201312,32.508,5.000,5,0,10001,0,1,0,39,0,0,1600160,0,656,0,80496,0,0,0,0,0,0,10001,160000,0
count4_original4,4,"NODE4,NODE16,NODE48,NODE256",count4_original4,controlled_fanout,160000,1,16,10000,0,0,lookup_success,0.004353000,160000,36.756261,160000,0,10001,0,1,39,10041,160000,1681312,3520000,5201312,32.508,5.000,5,0,10001,0,1,0,39,0,0,1600160,0,656,0,80496,0,0,0,0,0,0,10001,160000,0
count4_original4,4,"NODE4,NODE16,NODE48,NODE256",count4_original4,controlled_fanout,160000,1,16,10000,0,0,lookup_absent_early,0.003946000,160000,40.547392,160000,0,10001,0,1,39,10041,160000,1681312,3520000,5201312,32.508,5.000,5,0,10001,0,1,0,39,0,0,1600160,0,656,0,80496,0,0,0,0,0,0,10001,160000,0
count4_original4,4,"NODE4,NODE16,NODE48,NODE256",count4_original4,controlled_fanout,160000,1,16,10000,0,0,lookup_absent_late,0.002679000,160000,59.723785,160000,0,10001,0,1,39,10041,160000,1681312,3520000,5201312,32.508,5.000,5,0,10001,0,1,0,39,0,0,1600160,0,656,0,80496,0,0,0,0,0,0,10001,160000,0
count4_original4,4,"NODE4,NODE16,NODE48,NODE256",count4_original4,controlled_fanout,160000,1,16,10000,0,0,insert,0.015758000,160000,10.153573,160000,0,10001,0,1,39,10041,160000,1681312,3520000,5201312,32.508,5.000,5,0,10001,0,1,0,39,0,0,1600160,0,656,0,80496,0,0,0,0,0,0,10001,160000,0
count4_original4,4,"NODE4,NODE16,NODE48,NODE256",count4_original4,controlled_fanout,160000,1,16,10000,0,0,lookup_success,0.004415000,160000,36.240092,160000,0,10001,0,1,39,10041,160000,1681312,3520000,5201312,32.508,5.000,5,0,10001,0,1,0,39,0,0,1600160,0,656,0,80496,0,0,0,0,0,0,10001,160000,0
count4_original4,4,"NODE4,NODE16,NODE48,NODE256",count4_original4,controlled_fanout,160000,1,16,10000,0,0,lookup_absent_early,0.003956000,160000,40.444891,160000,0,10001,0,1,39,10041,160000,1681312,3520000,5201312,32.508,5.000,5,0,10001,0,1,0,39,0,0,1600160,0,656,0,80496,0,0,0,0,0,0,10001,160000,0
count4_original4,4,"NODE4,NODE16,NODE48,NODE256",count4_original4,controlled_fanout,160000,1,16,10000,0,0,lookup_absent_late,0.003030000,160000,52.805276,160000,0,10001,0,1,39,10041,160000,1681312,3520000,5201312,32.508,5.000,5,0,10001,0,1,0,39,0,0,1600160,0,656,0,80496,0,0,0,0,0,0,10001,160000,0
count4_original4,4,"NODE4,NODE16,NODE48,NODE256",count4_original4,controlled_fanout,320000,1,32,10000,0,0,insert,0.041590000,320000,7.694157,320000,0,1,0,10001,39,10041,320000,6641312,7040000,13681312,42.754,5.000,5,0,1,10000,1,0,39,0,0,160,0,6560656,0,80496,0,0,0,0,0,0,1,320000,0
count4_original4,4,"NODE4,NODE16,NODE48,NODE256",count4_original4,controlled_fanout,320000,1,32,10000,0,0,lookup_success,0.016588001,320000,19.291053,320000,0,1,0,10001,39,10041,320000,6641312,7040000,13681312,42.754,5.000,5,0,1,10000,1,0,39,0,0,160,0,6560656,0,80496,0,0,0,0,0,0,1,320000,0
count4_original4,4,"NODE4,NODE16,NODE48,NODE256",count4_original4,controlled_fanout,320000,1,32,10000,0,0,lookup_absent_early,0.010020001,320000,31.936125,320000,0,1,0,10001,39,10041,320000,6641312,7040000,13681312,42.754,5.000,5,0,1,10000,1,0,39,0,0,160,0,6560656,0,80496,0,0,0,0,0,0,1,320000,0
count4_original4,4,"NODE4,NODE16,NODE48,NODE256",count4_original4,controlled_fanout,320000,1,32,10000,0,0,lookup_absent_late,0.006462000,320000,49.520270,320000,0,1,0,10001,39,10041,320000,6641312,7040000,13681312,42.754,5.000,5,0,1,10000,1,0,39,0,0,160,0,6560656,0,80496,0,0,0,0,0,0,1,320000,0
count4_original4,4,"NODE4,NODE16,NODE48,NODE256",count4_original4,controlled_fanout,320000,1,32,10000,0,0,insert,0.042978001,320000,7.445670,320000,0,1,0,10001,39,10041,320000,6641312,7040000,13681312,42.754,5.000,5,0,1,10000,1,0,39,0,0,160,0,6560656,0,80496,0,0,0,0,0,0,1,320000,0
count4_original4,4,"NODE4,NODE16,NODE48,NODE256",count4_original4,controlled_fanout,320000,1,32,10000,0,0,lookup_success,0.015512999,320000,20.627862,320000,0,1,0,10001,39,10041,320000,6641312,7040000,13681312,42.754,5.000,5,0,1,10000,1,0,39,0,0,160,0,6560656,0,80496,0,0,0,0,0,0,1,320000,0
count4_original4,4,"NODE4,NODE16,NODE48,NODE256",count4_original4,controlled_fanout,320000,1,32,10000,0,0,lookup_absent_early,0.010282000,320000,31.122351,320000,0,1,0,10001,39,10041,320000,6641312,7040000,13681312,42.754,5.000,5,0,1,10000,1,0,39,0,0,160,0,6560656,0,80496,0,0,0,0,0,0,1,320000,0
count4_original4,4,"NODE4,NODE16,NODE48,NODE256",count4_original4,controlled_fanout,320000,1,32,10000,0,0,lookup_absent_late,0.006984000,320000,45.819014,320000,0,1,0,10001,39,10041,320000,6641312,7040000,13681312,42.754,5.000,5,0,1,10000,1,0,39,0,0,160,0,6560656,0,80496,0,0,0,0,0,0,1,320000,0
count4_original4,4,"NODE4,NODE16,NODE48,NODE256",count4_original4,controlled_fanout,320000,1,32,10000,0,0,insert,0.039257000,320000,8.151412,320000,0,1,0,10001,39,10041,320000,6641312,7040000,13681312,42.754,5.000,5,0,1,10000,1,0,39,0,0,160,0,6560656,0,80496,0,0,0,0,0,0,1,320000,0
count4_original4,4,"NODE4,NODE16,NODE48,NODE256",count4_original4,controlled_fanout,320000,1,32,10000,0,0,lookup_success,0.014982000,320000,21.358964,320000,0,1,0,10001,39,10041,320000,6641312,7040000,13681312,42.754,5.000,5,0,1,10000,1,0,39,0,0,160,0,6560656,0,80496,0,0,0,0,0,0,1,320000,0
count4_original4,4,"NODE4,NODE16,NODE48,NODE256",count4_original4,controlled_fanout,320000,1,32,10000,0,0,lookup_absent_early,0.009861000,320000,32.451070,320000,0,1,0,10001,39,10041,320000,6641312,7040000,13681312,42.754,5.000,5,0,1,10000,1,0,39,0,0,160,0,6560656,0,80496,0,0,0,0,0,0,1,320000,0
count4_original4,4,"NODE4,NODE16,NODE48,NODE256",count4_original4,controlled_fanout,320000,1,32,10000,0,0,lookup_absent_late,0.006731000,320000,47.541229,320000,0,1,0,10001,39,10041,320000,6641312,7040000,13681312,42.754,5.000,5,0,1,10000,1,0,39,0,0,160,0,6560656,0,80496,0,0,0,0,0,0,1,320000,0
count5_4_16_32_64_256,5,"NODE4,NODE16,NODE32,NODE64,NODE256",count5_4_16_32_64_256,dense_uint64,100000,1,0,0,0,0,insert,0.004816000,100000,20.764118,100000,1,0,0,0,393,394,100000,811208,2400000,3211208,32.112,8.000,8,1,0,0,0,0,393,0,56,0,0,0,0,811152,0,0,0,0,1,0,0,100000,0
count5_4_16_32_64_256,5,"NODE4,NODE16,NODE32,NODE64,NODE256",count5_4_16_32_64_256,dense_uint64,100000,1,0,0,0,0,lookup_success,0.001875000,100000,53.333331,100000,1,0,0,0,393,394,100000,811208,2400000,3211208,32.112,8.000,8,1,0,0,0,0,393,0,56,0,0,0,0,811152,0,0,0,0,1,0,0,100000,0
count5_4_16_32_64_256,5,"NODE4,NODE16,NODE32,NODE64,NODE256",count5_4_16_32_64_256,dense_uint64,100000,1,0,0,0,0,lookup_absent_early,0.000655999,100000,152.439162,100000,1,0,0,0,393,394,100000,811208,2400000,3211208,32.112,8.000,8,1,0,0,0,0,393,0,56,0,0,0,0,811152,0,0,0,0,1,0,0,100000,0
count5_4_16_32_64_256,5,"NODE4,NODE16,NODE32,NODE64,NODE256",count5_4_16_32_64_256,dense_uint64,100000,1,0,0,0,0,lookup_absent_late,0.001419000,100000,70.472147,100000,1,0,0,0,393,394,100000,811208,2400000,3211208,32.112,8.000,8,1,0,0,0,0,393,0,56,0,0,0,0,811152,0,0,0,0,1,0,0,100000,0
count5_4_16_32_64_256,5,"NODE4,NODE16,NODE32,NODE64,NODE256",count5_4_16_32_64_256,dense_uint64,100000,1,0,0,0,0,insert,0.005577000,100000,17.930788,100000,1,0,0,0,393,394,100000,811208,2400000,3211208,32.112,8.000,8,1,0,0,0,0,393,0,56,0,0,0,0,811152,0,0,0,0,1,0,0,100000,0
count5_4_16_32_64_256,5,"NODE4,NODE16,NODE32,NODE64,NODE256",count5_4_16_32_64_256,dense_uint64,100000,1,0,0,0,0,lookup_success,0.001863000,100000,53.676866,100000,1,0,0,0,393,394,100000,811208,2400000,3211208,32.112,8.000,8,1,0,0,0,0,393,0,56,0,0,0,0,811152,0,0,0,0,1,0,0,100000,0
count5_4_16_32_64_256,5,"NODE4,NODE16,NODE32,NODE64,NODE256",count5_4_16_32_64_256,dense_uint64,100000,1,0,0,0,0,lookup_absent_early,0.000695000,100000,143.884809,100000,1,0,0,0,393,394,100000,811208,2400000,3211208,32.112,8.000,8,1,0,0,0,0,393,0,56,0,0,0,0,811152,0,0,0,0,1,0,0,100000,0
count5_4_16_32_64_256,5,"NODE4,NODE16,NODE32,NODE64,NODE256",count5_4_16_32_64_256,dense_uint64,100000,1,0,0,0,0,lookup_absent_late,0.001456000,100000,68.681323,100000,1,0,0,0,393,394,100000,811208,2400000,3211208,32.112,8.000,8,1,0,0,0,0,393,0,56,0,0,0,0,811152,0,0,0,0,1,0,0,100000,0
count5_4_16_32_64_256,5,"NODE4,NODE16,NODE32,NODE64,NODE256",count5_4_16_32_64_256,dense_uint64,100000,1,0,0,0,0,insert,0.006369000,100000,15.701051,100000,1,0,0,0,393,394,100000,811208,2400000,3211208,32.112,8.000,8,1,0,0,0,0,393,0,56,0,0,0,0,811152,0,0,0,0,1,0,0,100000,0
count5_4_16_32_64_256,5,"NODE4,NODE16,NODE32,NODE64,NODE256",count5_4_16_32_64_256,dense_uint64,100000,1,0,0,0,0,lookup_success,0.002064000,100000,48.449615,100000,1,0,0,0,393,394,100000,811208,2400000,3211208,32.112,8.000,8,1,0,0,0,0,393,0,56,0,0,0,0,811152,0,0,0,0,1,0,0,100000,0
count5_4_16_32_64_256,5,"NODE4,NODE16,NODE32,NODE64,NODE256",count5_4_16_32_64_256,dense_uint64,100000,1,0,0,0,0,lookup_absent_early,0.000728000,100000,137.362646,100000,1,0,0,0,393,394,100000,811208,2400000,3211208,32.112,8.000,8,1,0,0,0,0,393,0,56,0,0,0,0,811152,0,0,0,0,1,0,0,100000,0
count5_4_16_32_64_256,5,"NODE4,NODE16,NODE32,NODE64,NODE256",count5_4_16_32_64_256,dense_uint64,100000,1,0,0,0,0,lookup_absent_late,0.001512000,100000,66.137551,100000,1,0,0,0,393,394,100000,811208,2400000,3211208,32.112,8.000,8,1,0,0,0,0,393,0,56,0,0,0,0,811152,0,0,0,0,1,0,0,100000,0
count5_4_16_32_64_256,5,"NODE4,NODE16,NODE32,NODE64,NODE256",count5_4_16_32_64_256,dense_uint64,1000000,1,0,0,0,0,insert,0.184503000,1000000,5.419966,1000000,0,1,0,0,3922,3924,1000000,8095952,24000000,32095952,32.096,8.000,8,0,1,0,0,1,3922,1,0,160,0,0,784,8095008,0,0,0,0,0,0,1,1000000,0
count5_4_16_32_64_256,5,"NODE4,NODE16,NODE32,NODE64,NODE256",count5_4_16_32_64_256,dense_uint64,1000000,1,0,0,0,0,lookup_success,0.108189999,1000000,9.242999,1000000,0,1,0,0,3922,3924,1000000,8095952,24000000,32095952,32.096,8.000,8,0,1,0,0,1,3922,1,0,160,0,0,784,8095008,0,0,0,0,0,0,1,1000000,0
count5_4_16_32_64_256,5,"NODE4,NODE16,NODE32,NODE64,NODE256",count5_4_16_32_64_256,dense_uint64,1000000,1,0,0,0,0,lookup_absent_early,0.006809000,1000000,146.864446,1000000,0,1,0,0,3922,3924,1000000,8095952,24000000,32095952,32.096,8.000,8,0,1,0,0,1,3922,1,0,160,0,0,784,8095008,0,0,0,0,0,0,1,1000000,0
count5_4_16_32_64_256,5,"NODE4,NODE16,NODE32,NODE64,NODE256",count5_4_16_32_64_256,dense_uint64,1000000,1,0,0,0,0,lookup_absent_late,0.023243000,1000000,43.023706,1000000,0,1,0,0,3922,3924,1000000,8095952,24000000,32095952,32.096,8.000,8,0,1,0,0,1,3922,1,0,160,0,0,784,8095008,0,0,0,0,0,0,1,1000000,0
count5_4_16_32_64_256,5,"NODE4,NODE16,NODE32,NODE64,NODE256",count5_4_16_32_64_256,dense_uint64,1000000,1,0,0,0,0,insert,0.182179000,1000000,5.489107,1000000,0,1,0,0,3922,3924,1000000,8095952,24000000,32095952,32.096,8.000,8,0,1,0,0,1,3922,1,0,160,0,0,784,8095008,0,0,0,0,0,0,1,1000000,0
count5_4_16_32_64_256,5,"NODE4,NODE16,NODE32,NODE64,NODE256",count5_4_16_32_64_256,dense_uint64,1000000,1,0,0,0,0,lookup_success,0.104695000,1000000,9.551555,1000000,0,1,0,0,3922,3924,1000000,8095952,24000000,32095952,32.096,8.000,8,0,1,0,0,1,3922,1,0,160,0,0,784,8095008,0,0,0,0,0,0,1,1000000,0
count5_4_16_32_64_256,5,"NODE4,NODE16,NODE32,NODE64,NODE256",count5_4_16_32_64_256,dense_uint64,1000000,1,0,0,0,0,lookup_absent_early,0.006885000,1000000,145.243292,1000000,0,1,0,0,3922,3924,1000000,8095952,24000000,32095952,32.096,8.000,8,0,1,0,0,1,3922,1,0,160,0,0,784,8095008,0,0,0,0,0,0,1,1000000,0
count5_4_16_32_64_256,5,"NODE4,NODE16,NODE32,NODE64,NODE256",count5_4_16_32_64_256,dense_uint64,1000000,1,0,0,0,0,lookup_absent_late,0.022783000,1000000,43.892376,1000000,0,1,0,0,3922,3924,1000000,8095952,24000000,32095952,32.096,8.000,8,0,1,0,0,1,3922,1,0,160,0,0,784,8095008,0,0,0,0,0,0,1,1000000,0
count5_4_16_32_64_256,5,"NODE4,NODE16,NODE32,NODE64,NODE256",count5_4_16_32_64_256,dense_uint64,1000000,1,0,0,0,0,insert,0.181654001,1000000,5.504971,1000000,0,1,0,0,3922,3924,1000000,8095952,24000000,32095952,32.096,8.000,8,0,1,0,0,1,3922,1,0,160,0,0,784,8095008,0,0,0,0,0,0,1,1000000,0
count5_4_16_32_64_256,5,"NODE4,NODE16,NODE32,NODE64,NODE256",count5_4_16_32_64_256,dense_uint64,1000000,1,0,0,0,0,lookup_success,0.104201000,1000000,9.596837,1000000,0,1,0,0,3922,3924,1000000,8095952,24000000,32095952,32.096,8.000,8,0,1,0,0,1,3922,1,0,160,0,0,784,8095008,0,0,0,0,0,0,1,1000000,0
count5_4_16_32_64_256,5,"NODE4,NODE16,NODE32,NODE64,NODE256",count5_4_16_32_64_256,dense_uint64,1000000,1,0,0,0,0,lookup_absent_early,0.006884000,1000000,145.264376,1000000,0,1,0,0,3922,3924,1000000,8095952,24000000,32095952,32.096,8.000,8,0,1,0,0,1,3922,1,0,160,0,0,784,8095008,0,0,0,0,0,0,1,1000000,0
count5_4_16_32_64_256,5,"NODE4,NODE16,NODE32,NODE64,NODE256",count5_4_16_32_64_256,dense_uint64,1000000,1,0,0,0,0,lookup_absent_late,0.022885000,1000000,43.696744,1000000,0,1,0,0,3922,3924,1000000,8095952,24000000,32095952,32.096,8.000,8,0,1,0,0,1,3922,1,0,160,0,0,784,8095008,0,0,0,0,0,0,1,1000000,0
count5_4_16_32_64_256,5,"NODE4,NODE16,NODE32,NODE64,NODE256",count5_4_16_32_64_256,sparse_uint64,100000,1,0,0,0,0,insert,0.007035000,100000,14.214641,100000,28664,1221,0,0,257,30142,100000,2330992,2400000,4730992,47.310,2.789,4,28664,1221,0,0,0,257,0,1605184,195360,0,0,0,530448,0,0,0,0,17071,12528,286,100000,0
count5_4_16_32_64_256,5,"NODE4,NODE16,NODE32,NODE64,NODE256",count5_4_16_32_64_256,sparse_uint64,100000,1,0,0,0,0,lookup_success,0.002718000,100000,36.791762,100000,28664,1221,0,0,257,30142,100000,2330992,2400000,4730992,47.310,2.789,4,28664,1221,0,0,0,257,0,1605184,195360,0,0,0,530448,0,0,0,0,17071,12528,286,100000,0
count5_4_16_32_64_256,5,"NODE4,NODE16,NODE32,NODE64,NODE256",count5_4_16_32_64_256,sparse_uint64,100000,1,0,0,0,0,lookup_absent_early,0.002140000,100000,46.728962,100000,28664,1221,0,0,257,30142,100000,2330992,2400000,4730992,47.310,2.789,4,28664,1221,0,0,0,257,0,1605184,195360,0,0,0,530448,0,0,0,0,17071,12528,286,100000,0
count5_4_16_32_64_256,5,"NODE4,NODE16,NODE32,NODE64,NODE256",count5_4_16_32_64_256,sparse_uint64,100000,1,0,0,0,0,lookup_absent_late,0.002249000,100000,44.464213,100000,28664,1221,0,0,257,30142,100000,2330992,2400000,4730992,47.310,2.789,4,28664,1221,0,0,0,257,0,1605184,195360,0,0,0,530448,0,0,0,0,17071,12528,286,100000,0
count5_4_16_32_64_256,5,"NODE4,NODE16,NODE32,NODE64,NODE256",count5_4_16_32_64_256,sparse_uint64,100000,1,0,0,0,0,insert,0.009361000,100000,10.682620,100000,28664,1221,0,0,257,30142,100000,2330992,2400000,4730992,47.310,2.789,4,28664,1221,0,0,0,257,0,1605184,195360,0,0,0,530448,0,0,0,0,17071,12528,286,100000,0
count5_4_16_32_64_256,5,"NODE4,NODE16,NODE32,NODE64,NODE256",count5_4_16_32_64_256,sparse_uint64,100000,1,0,0,0,0,lookup_success,0.003076000,100000,32.509751,100000,28664,1221,0,0,257,30142,100000,2330992,2400000,4730992,47.310,2.789,4,28664,1221,0,0,0,257,0,1605184,195360,0,0,0,530448,0,0,0,0,17071,12528,286,100000,0
count5_4_16_32_64_256,5,"NODE4,NODE16,NODE32,NODE64,NODE256",count5_4_16_32_64_256,sparse_uint64,100000,1,0,0,0,0,lookup_absent_early,0.002131999,100000,46.904327,100000,28664,1221,0,0,257,30142,100000,2330992,2400000,4730992,47.310,2.789,4,28664,1221,0,0,0,257,0,1605184,195360,0,0,0,530448,0,0,0,0,17071,12528,286,100000,0
count5_4_16_32_64_256,5,"NODE4,NODE16,NODE32,NODE64,NODE256",count5_4_16_32_64_256,sparse_uint64,100000,1,0,0,0,0,lookup_absent_late,0.002370001,100000,42.194078,100000,28664,1221,0,0,257,30142,100000,2330992,2400000,4730992,47.310,2.789,4,28664,1221,0,0,0,257,0,1605184,195360,0,0,0,530448,0,0,0,0,17071,12528,286,100000,0
count5_4_16_32_64_256,5,"NODE4,NODE16,NODE32,NODE64,NODE256",count5_4_16_32_64_256,sparse_uint64,100000,1,0,0,0,0,insert,0.007391000,100000,13.529969,100000,28664,1221,0,0,257,30142,100000,2330992,2400000,4730992,47.310,2.789,4,28664,1221,0,0,0,257,0,1605184,195360,0,0,0,530448,0,0,0,0,17071,12528,286,100000,0
count5_4_16_32_64_256,5,"NODE4,NODE16,NODE32,NODE64,NODE256",count5_4_16_32_64_256,sparse_uint64,100000,1,0,0,0,0,lookup_success,0.003834000,100000,26.082421,100000,28664,1221,0,0,257,30142,100000,2330992,2400000,4730992,47.310,2.789,4,28664,1221,0,0,0,257,0,1605184,195360,0,0,0,530448,0,0,0,0,17071,12528,286,100000,0
count5_4_16_32_64_256,5,"NODE4,NODE16,NODE32,NODE64,NODE256",count5_4_16_32_64_256,sparse_uint64,100000,1,0,0,0,0,lookup_absent_early,0.001862000,100000,53.705700,100000,28664,1221,0,0,257,30142,100000,2330992,2400000,4730992,47.310,2.789,4,28664,1221,0,0,0,257,0,1605184,195360,0,0,0,530448,0,0,0,0,17071,12528,286,100000,0
count5_4_16_32_64_256,5,"NODE4,NODE16,NODE32,NODE64,NODE256",count5_4_16_32_64_256,sparse_uint64,100000,1,0,0,0,0,lookup_absent_late,0.002332000,100000,42.881646,100000,28664,1221,0,0,257,30142,100000,2330992,2400000,4730992,47.310,2.789,4,28664,1221,0,0,0,257,0,1605184,195360,0,0,0,530448,0,0,0,0,17071,12528,286,100000,0
count5_4_16_32_64_256,5,"NODE4,NODE16,NODE32,NODE64,NODE256",count5_4_16_32_64_256,sparse_uint64,1000000,1,0,0,0,0,insert,0.297774000,1000000,3.358252,1000000,28581,44789,20689,0,257,94318,1000000,15588248,24000000,39588248,39.588,3.058,6,28581,44789,20689,2,0,257,2,1600536,7166240,6289456,0,1568,530448,0,0,0,0,27948,748,44674,1000000,0
count5_4_16_32_64_256,5,"NODE4,NODE16,NODE32,NODE64,NODE256",count5_4_16_32_64_256,sparse_uint64,1000000,1,0,0,0,0,lookup_success,0.168216000,1000000,5.944738,1000000,28581,44789,20689,0,257,94318,1000000,15588248,24000000,39588248,39.588,3.058,6,28581,44789,20689,2,0,257,2,1600536,7166240,6289456,0,1568,530448,0,0,0,0,27948,748,44674,1000000,0
count5_4_16_32_64_256,5,"NODE4,NODE16,NODE32,NODE64,NODE256",count5_4_16_32_64_256,sparse_uint64,1000000,1,0,0,0,0,lookup_absent_early,0.033980000,1000000,29.429076,1000000,28581,44789,20689,0,257,94318,1000000,15588248,24000000,39588248,39.588,3.058,6,28581,44789,20689,2,0,257,2,1600536,7166240,6289456,0,1568,530448,0,0,0,0,27948,748,44674,1000000,0
count5_4_16_32_64_256,5,"NODE4,NODE16,NODE32,NODE64,NODE256",count5_4_16_32_64_256,sparse_uint64,1000000,1,0,0,0,0,lookup_absent_late,0.069590000,1000000,14.369881,1000000,28581,44789,20689,0,257,94318,1000000,15588248,24000000,39588248,39.588,3.058,6,28581,44789,20689,2,0,257,2,1600536,7166240,6289456,0,1568,530448,0,0,0,0,27948,748,44674,1000000,0
count5_4_16_32_64_256,5,"NODE4,NODE16,NODE32,NODE64,NODE256",count5_4_16_32_64_256,sparse_uint64,1000000,1,0,0,0,0,insert,0.299932000,1000000,3.334089,1000000,28581,44789,20689,0,257,94318,1000000,15588248,24000000,39588248,39.588,3.058,6,28581,44789,20689,2,0,257,2,1600536,7166240,6289456,0,1568,530448,0,0,0,0,27948,748,44674,1000000,0
count5_4_16_32_64_256,5,"NODE4,NODE16,NODE32,NODE64,NODE256",count5_4_16_32_64_256,sparse_uint64,1000000,1,0,0,0,0,lookup_success,0.137483000,1000000,7.273627,1000000,28581,44789,20689,0,257,94318,1000000,15588248,24000000,39588248,39.588,3.058,6,28581,44789,20689,2,0,257,2,1600536,7166240,6289456,0,1568,530448,0,0,0,0,27948,748,44674,1000000,0
count5_4_16_32_64_256,5,"NODE4,NODE16,NODE32,NODE64,NODE256",count5_4_16_32_64_256,sparse_uint64,1000000,1,0,0,0,0,lookup_absent_early,0.034924001,1000000,28.633604,1000000,28581,44789,20689,0,257,94318,1000000,15588248,24000000,39588248,39.588,3.058,6,28581,44789,20689,2,0,257,2,1600536,7166240,6289456,0,1568,530448,0,0,0,0,27948,748,44674,1000000,0
count5_4_16_32_64_256,5,"NODE4,NODE16,NODE32,NODE64,NODE256",count5_4_16_32_64_256,sparse_uint64,1000000,1,0,0,0,0,lookup_absent_late,0.069785000,1000000,14.329727,1000000,28581,44789,20689,0,257,94318,1000000,15588248,24000000,39588248,39.588,3.058,6,28581,44789,20689,2,0,257,2,1600536,7166240,6289456,0,1568,530448,0,0,0,0,27948,748,44674,1000000,0
count5_4_16_32_64_256,5,"NODE4,NODE16,NODE32,NODE64,NODE256",count5_4_16_32_64_256,sparse_uint64,1000000,1,0,0,0,0,insert,0.298475000,1000000,3.350364,1000000,28581,44789,20689,0,257,94318,1000000,15588248,24000000,39588248,39.588,3.058,6,28581,44789,20689,2,0,257,2,1600536,7166240,6289456,0,1568,530448,0,0,0,0,27948,748,44674,1000000,0
count5_4_16_32_64_256,5,"NODE4,NODE16,NODE32,NODE64,NODE256",count5_4_16_32_64_256,sparse_uint64,1000000,1,0,0,0,0,lookup_success,0.137546000,1000000,7.270295,1000000,28581,44789,20689,0,257,94318,1000000,15588248,24000000,39588248,39.588,3.058,6,28581,44789,20689,2,0,257,2,1600536,7166240,6289456,0,1568,530448,0,0,0,0,27948,748,44674,1000000,0
count5_4_16_32_64_256,5,"NODE4,NODE16,NODE32,NODE64,NODE256",count5_4_16_32_64_256,sparse_uint64,1000000,1,0,0,0,0,lookup_absent_early,0.035248000,1000000,28.370404,1000000,28581,44789,20689,0,257,94318,1000000,15588248,24000000,39588248,39.588,3.058,6,28581,44789,20689,2,0,257,2,1600536,7166240,6289456,0,1568,530448,0,0,0,0,27948,748,44674,1000000,0
count5_4_16_32_64_256,5,"NODE4,NODE16,NODE32,NODE64,NODE256",count5_4_16_32_64_256,sparse_uint64,1000000,1,0,0,0,0,lookup_absent_late,0.071325000,1000000,14.020329,1000000,28581,44789,20689,0,257,94318,1000000,15588248,24000000,39588248,39.588,3.058,6,28581,44789,20689,2,0,257,2,1600536,7166240,6289456,0,1568,530448,0,0,0,0,27948,748,44674,1000000,0
count5_4_16_32_64_256,5,"NODE4,NODE16,NODE32,NODE64,NODE256",count5_4_16_32_64_256,controlled_fanout,100000,1,10,10000,0,0,insert,0.009212000,100000,10.855406,100000,0,10001,0,0,39,10041,100000,1681440,2200000,3881440,38.814,5.000,5,0,10001,0,1,0,39,1,0,1600160,0,0,784,80496,0,0,0,0,0,0,10001,100000,0
count5_4_16_32_64_256,5,"NODE4,NODE16,NODE32,NODE64,NODE256",count5_4_16_32_64_256,controlled_fanout,100000,1,10,10000,0,0,lookup_success,0.002038999,100000,49.043662,100000,0,10001,0,0,39,10041,100000,1681440,2200000,3881440,38.814,5.000,5,0,10001,0,1,0,39,1,0,1600160,0,0,784,80496,0,0,0,0,0,0,10001,100000,0
count5_4_16_32_64_256,5,"NODE4,NODE16,NODE32,NODE64,NODE256",count5_4_16_32_64_256,controlled_fanout,100000,1,10,10000,0,0,lookup_absent_early,0.001720000,100000,58.139533,100000,0,10001,0,0,39,10041,100000,1681440,2200000,3881440,38.814,5.000,5,0,10001,0,1,0,39,1,0,1600160,0,0,784,80496,0,0,0,0,0,0,10001,100000,0
count5_4_16_32_64_256,5,"NODE4,NODE16,NODE32,NODE64,NODE256",count5_4_16_32_64_256,controlled_fanout,100000,1,10,10000,0,0,lookup_absent_late,0.001377000,100000,72.621665,100000,0,10001,0,0,39,10041,100000,1681440,2200000,3881440,38.814,5.000,5,0,10001,0,1,0,39,1,0,1600160,0,0,784,80496,0,0,0,0,0,0,10001,100000,0
count5_4_16_32_64_256,5,"NODE4,NODE16,NODE32,NODE64,NODE256",count5_4_16_32_64_256,controlled_fanout,100000,1,10,10000,0,0,insert,0.010271001,100000,9.736150,100000,0,10001,0,0,39,10041,100000,1681440,2200000,3881440,38.814,5.000,5,0,10001,0,1,0,39,1,0,1600160,0,0,784,80496,0,0,0,0,0,0,10001,100000,0
count5_4_16_32_64_256,5,"NODE4,NODE16,NODE32,NODE64,NODE256",count5_4_16_32_64_256,controlled_fanout,100000,1,10,10000,0,0,lookup_success,0.002239999,100000,44.642870,100000,0,10001,0,0,39,10041,100000,1681440,2200000,3881440,38.814,5.000,5,0,10001,0,1,0,39,1,0,1600160,0,0,784,80496,0,0,0,0,0,0,10001,100000,0
count5_4_16_32_64_256,5,"NODE4,NODE16,NODE32,NODE64,NODE256",count5_4_16_32_64_256,controlled_fanout,100000,1,10,10000,0,0,lookup_absent_early,0.001966000,100000,50.864710,100000,0,10001,0,0,39,10041,100000,1681440,2200000,3881440,38.814,5.000,5,0,10001,0,1,0,39,1,0,1600160,0,0,784,80496,0,0,0,0,0,0,10001,100000,0
count5_4_16_32_64_256,5,"NODE4,NODE16,NODE32,NODE64,NODE256",count5_4_16_32_64_256,controlled_fanout,100000,1,10,10000,0,0,lookup_absent_late,0.001619000,100000,61.766523,100000,0,10001,0,0,39,10041,100000,1681440,2200000,3881440,38.814,5.000,5,0,10001,0,1,0,39,1,0,1600160,0,0,784,80496,0,0,0,0,0,0,10001,100000,0
count5_4_16_32_64_256,5,"NODE4,NODE16,NODE32,NODE64,NODE256",count5_4_16_32_64_256,controlled_fanout,100000,1,10,10000,0,0,insert,0.010408999,100000,9.607071,100000,0,10001,0,0,39,10041,100000,1681440,2200000,3881440,38.814,5.000,5,0,10001,0,1,0,39,1,0,1600160,0,0,784,80496,0,0,0,0,0,0,10001,100000,0
count5_4_16_32_64_256,5,"NODE4,NODE16,NODE32,NODE64,NODE256",count5_4_16_32_64_256,controlled_fanout,100000,1,10,10000,0,0,lookup_success,0.002431001,100000,41.135325,100000,0,10001,0,0,39,10041,100000,1681440,2200000,3881440,38.814,5.000,5,0,10001,0,1,0,39,1,0,1600160,0,0,784,80496,0,0,0,0,0,0,10001,100000,0
count5_4_16_32_64_256,5,"NODE4,NODE16,NODE32,NODE64,NODE256",count5_4_16_32_64_256,controlled_fanout,100000,1,10,10000,0,0,lookup_absent_early,0.002217000,100000,45.105992,100000,0,10001,0,0,39,10041,100000,1681440,2200000,3881440,38.814,5.000,5,0,10001,0,1,0,39,1,0,1600160,0,0,784,80496,0,0,0,0,0,0,10001,100000,0
count5_4_16_32_64_256,5,"NODE4,NODE16,NODE32,NODE64,NODE256",count5_4_16_32_64_256,controlled_fanout,100000,1,10,10000,0,0,lookup_absent_late,0.001498000,100000,66.755685,100000,0,10001,0,0,39,10041,100000,1681440,2200000,3881440,38.814,5.000,5,0,10001,0,1,0,39,1,0,1600160,0,0,784,80496,0,0,0,0,0,0,10001,100000,0
count5_4_16_32_64_256,5,"NODE4,NODE16,NODE32,NODE64,NODE256",count5_4_16_32_64_256,controlled_fanout,160000,1,16,10000,0,0,insert,0.018122000,160000,8.829048,160000,0,10001,0,0,39,10041,160000,1681440,3520000,5201440,32.509,5.000,5,0,10001,0,1,0,39,1,0,1600160,0,0,784,80496,0,0,0,0,0,0,10001,160000,0
count5_4_16_32_64_256,5,"NODE4,NODE16,NODE32,NODE64,NODE256",count5_4_16_32_64_256,controlled_fanout,160000,1,16,10000,0,0,lookup_success,0.004259001,160000,37.567499,160000,0,10001,0,0,39,10041,160000,1681440,3520000,5201440,32.509,5.000,5,0,10001,0,1,0,39,1,0,1600160,0,0,784,80496,0,0,0,0,0,0,10001,160000,0
count5_4_16_32_64_256,5,"NODE4,NODE16,NODE32,NODE64,NODE256",count5_4_16_32_64_256,controlled_fanout,160000,1,16,10000,0,0,lookup_absent_early,0.004175000,160000,38.323354,160000,0,10001,0,0,39,10041,160000,1681440,3520000,5201440,32.509,5.000,5,0,10001,0,1,0,39,1,0,1600160,0,0,784,80496,0,0,0,0,0,0,10001,160000,0
count5_4_16_32_64_256,5,"NODE4,NODE16,NODE32,NODE64,NODE256",count5_4_16_32_64_256,controlled_fanout,160000,1,16,10000,0,0,lookup_absent_late,0.002370000,160000,67.510552,160000,0,10001,0,0,39,10041,160000,1681440,3520000,5201440,32.509,5.000,5,0,10001,0,1,0,39,1,0,1600160,0,0,784,80496,0,0,0,0,0,0,10001,160000,0
count5_4_16_32_64_256,5,"NODE4,NODE16,NODE32,NODE64,NODE256",count5_4_16_32_64_256,controlled_fanout,160000,1,16,10000,0,0,insert,0.016532000,160000,9.678200,160000,0,10001,0,0,39,10041,160000,1681440,3520000,5201440,32.509,5.000,5,0,10001,0,1,0,39,1,0,1600160,0,0,784,80496,0,0,0,0,0,0,10001,160000,0
count5_4_16_32_64_256,5,"NODE4,NODE16,NODE32,NODE64,NODE256",count5_4_16_32_64_256,controlled_fanout,160000,1,16,10000,0,0,lookup_success,0.004559000,160000,35.095415,160000,0,10001,0,0,39,10041,160000,1681440,3520000,5201440,32.509,5.000,5,0,10001,0,1,0,39,1,0,1600160,0,0,784,80496,0,0,0,0,0,0,10001,160000,0
count5_4_16_32_64_256,5,"NODE4,NODE16,NODE32,NODE64,NODE256",count5_4_16_32_64_256,controlled_fanout,160000,1,16,10000,0,0,lookup_absent_early,0.003852000,160000,41.536869,160000,0,10001,0,0,39,10041,160000,1681440,3520000,5201440,32.509,5.000,5,0,10001,0,1,0,39,1,0,1600160,0,0,784,80496,0,0,0,0,0,0,10001,160000,0
count5_4_16_32_64_256,5,"NODE4,NODE16,NODE32,NODE64,NODE256",count5_4_16_32_64_256,controlled_fanout,160000,1,16,10000,0,0,lookup_absent_late,0.003043000,160000,52.579697,160000,0,10001,0,0,39,10041,160000,1681440,3520000,5201440,32.509,5.000,5,0,10001,0,1,0,39,1,0,1600160,0,0,784,80496,0,0,0,0,0,0,10001,160000,0
count5_4_16_32_64_256,5,"NODE4,NODE16,NODE32,NODE64,NODE256",count5_4_16_32_64_256,controlled_fanout,160000,1,16,10000,0,0,insert,0.014928000,160000,10.718114,160000,0,10001,0,0,39,10041,160000,1681440,3520000,5201440,32.509,5.000,5,0,10001,0,1,0,39,1,0,1600160,0,0,784,80496,0,0,0,0,0,0,10001,160000,0
count5_4_16_32_64_256,5,"NODE4,NODE16,NODE32,NODE64,NODE256",count5_4_16_32_64_256,controlled_fanout,160000,1,16,10000,0,0,lookup_success,0.005387000,160000,29.701133,160000,0,10001,0,0,39,10041,160000,1681440,3520000,5201440,32.509,5.000,5,0,10001,0,1,0,39,1,0,1600160,0,0,784,80496,0,0,0,0,0,0,10001,160000,0
count5_4_16_32_64_256,5,"NODE4,NODE16,NODE32,NODE64,NODE256",count5_4_16_32_64_256,controlled_fanout,160000,1,16,10000,0,0,lookup_absent_early,0.003332000,160000,48.019204,160000,0,10001,0,0,39,10041,160000,1681440,3520000,5201440,32.509,5.000,5,0,10001,0,1,0,39,1,0,1600160,0,0,784,80496,0,0,0,0,0,0,10001,160000,0
count5_4_16_32_64_256,5,"NODE4,NODE16,NODE32,NODE64,NODE256",count5_4_16_32_64_256,controlled_fanout,160000,1,16,10000,0,0,lookup_absent_late,0.002952999,160000,54.182198,160000,0,10001,0,0,39,10041,160000,1681440,3520000,5201440,32.509,5.000,5,0,10001,0,1,0,39,1,0,1600160,0,0,784,80496,0,0,0,0,0,0,10001,160000,0
count5_4_16_32_64_256,5,"NODE4,NODE16,NODE32,NODE64,NODE256",count5_4_16_32_64_256,controlled_fanout,320000,1,32,10000,0,0,insert,0.053778000,320000,5.950389,320000,0,1,10000,0,39,10041,320000,3121440,7040000,10161440,31.755,5.000,5,0,1,10000,1,0,39,1,0,160,3040000,0,784,80496,0,0,0,0,0,0,1,320000,0
count5_4_16_32_64_256,5,"NODE4,NODE16,NODE32,NODE64,NODE256",count5_4_16_32_64_256,controlled_fanout,320000,1,32,10000,0,0,lookup_success,0.017062999,320000,18.754030,320000,0,1,10000,0,39,10041,320000,3121440,7040000,10161440,31.755,5.000,5,0,1,10000,1,0,39,1,0,160,3040000,0,784,80496,0,0,0,0,0,0,1,320000,0
count5_4_16_32_64_256,5,"NODE4,NODE16,NODE32,NODE64,NODE256",count5_4_16_32_64_256,controlled_fanout,320000,1,32,10000,0,0,lookup_absent_early,0.012355000,320000,25.900446,320000,0,1,10000,0,39,10041,320000,3121440,7040000,10161440,31.755,5.000,5,0,1,10000,1,0,39,1,0,160,3040000,0,784,80496,0,0,0,0,0,0,1,320000,0
count5_4_16_32_64_256,5,"NODE4,NODE16,NODE32,NODE64,NODE256",count5_4_16_32_64_256,controlled_fanout,320000,1,32,10000,0,0,lookup_absent_late,0.006019000,320000,53.164978,320000,0,1,10000,0,39,10041,320000,3121440,7040000,10161440,31.755,5.000,5,0,1,10000,1,0,39,1,0,160,3040000,0,784,80496,0,0,0,0,0,0,1,320000,0
count5_4_16_32_64_256,5,"NODE4,NODE16,NODE32,NODE64,NODE256",count5_4_16_32_64_256,controlled_fanout,320000,1,32,10000,0,0,insert,0.053792000,320000,5.948840,320000,0,1,10000,0,39,10041,320000,3121440,7040000,10161440,31.755,5.000,5,0,1,10000,1,0,39,1,0,160,3040000,0,784,80496,0,0,0,0,0,0,1,320000,0
count5_4_16_32_64_256,5,"NODE4,NODE16,NODE32,NODE64,NODE256",count5_4_16_32_64_256,controlled_fanout,320000,1,32,10000,0,0,lookup_success,0.016275000,320000,19.662059,320000,0,1,10000,0,39,10041,320000,3121440,7040000,10161440,31.755,5.000,5,0,1,10000,1,0,39,1,0,160,3040000,0,784,80496,0,0,0,0,0,0,1,320000,0
count5_4_16_32_64_256,5,"NODE4,NODE16,NODE32,NODE64,NODE256",count5_4_16_32_64_256,controlled_fanout,320000,1,32,10000,0,0,lookup_absent_early,0.012139000,320000,26.361315,320000,0,1,10000,0,39,10041,320000,3121440,7040000,10161440,31.755,5.000,5,0,1,10000,1,0,39,1,0,160,3040000,0,784,80496,0,0,0,0,0,0,1,320000,0
count5_4_16_32_64_256,5,"NODE4,NODE16,NODE32,NODE64,NODE256",count5_4_16_32_64_256,controlled_fanout,320000,1,32,10000,0,0,lookup_absent_late,0.007054999,320000,45.357906,320000,0,1,10000,0,39,10041,320000,3121440,7040000,10161440,31.755,5.000,5,0,1,10000,1,0,39,1,0,160,3040000,0,784,80496,0,0,0,0,0,0,1,320000,0
count5_4_16_32_64_256,5,"NODE4,NODE16,NODE32,NODE64,NODE256",count5_4_16_32_64_256,controlled_fanout,320000,1,32,10000,0,0,insert,0.054773000,320000,5.842295,320000,0,1,10000,0,39,10041,320000,3121440,7040000,10161440,31.755,5.000,5,0,1,10000,1,0,39,1,0,160,3040000,0,784,80496,0,0,0,0,0,0,1,320000,0
count5_4_16_32_64_256,5,"NODE4,NODE16,NODE32,NODE64,NODE256",count5_4_16_32_64_256,controlled_fanout,320000,1,32,10000,0,0,lookup_success,0.016802999,320000,19.044219,320000,0,1,10000,0,39,10041,320000,3121440,7040000,10161440,31.755,5.000,5,0,1,10000,1,0,39,1,0,160,3040000,0,784,80496,0,0,0,0,0,0,1,320000,0
count5_4_16_32_64_256,5,"NODE4,NODE16,NODE32,NODE64,NODE256",count5_4_16_32_64_256,controlled_fanout,320000,1,32,10000,0,0,lookup_absent_early,0.011015000,320000,29.051294,320000,0,1,10000,0,39,10041,320000,3121440,7040000,10161440,31.755,5.000,5,0,1,10000,1,0,39,1,0,160,3040000,0,784,80496,0,0,0,0,0,0,1,320000,0
count5_4_16_32_64_256,5,"NODE4,NODE16,NODE32,NODE64,NODE256",count5_4_16_32_64_256,controlled_fanout,320000,1,32,10000,0,0,lookup_absent_late,0.006098000,320000,52.476219,320000,0,1,10000,0,39,10041,320000,3121440,7040000,10161440,31.755,5.000,5,0,1,10000,1,0,39,1,0,160,3040000,0,784,80496,0,0,0,0,0,0,1,320000,0
count6_4_16_32_48_64_256,6,"NODE4,NODE16,NODE32,NODE48,NODE64,NODE256",count6_4_16_32_48_64_256,dense_uint64,100000,1,0,0,0,0,insert,0.005520000,100000,18.115942,100000,1,0,0,0,393,394,100000,811208,2400000,3211208,32.112,8.000,8,1,0,0,0,0,393,0,56,0,0,0,0,811152,0,0,0,0,1,0,0,100000,0
count6_4_16_32_48_64_256,6,"NODE4,NODE16,NODE32,NODE48,NODE64,NODE256",count6_4_16_32_48_64_256,dense_uint64,100000,1,0,0,0,0,lookup_success,0.001823000,100000,54.854645,100000,1,0,0,0,393,394,100000,811208,2400000,3211208,32.112,8.000,8,1,0,0,0,0,393,0,56,0,0,0,0,811152,0,0,0,0,1,0,0,100000,0
count6_4_16_32_48_64_256,6,"NODE4,NODE16,NODE32,NODE48,NODE64,NODE256",count6_4_16_32_48_64_256,dense_uint64,100000,1,0,0,0,0,lookup_absent_early,0.000739000,100000,135.318033,100000,1,0,0,0,393,394,100000,811208,2400000,3211208,32.112,8.000,8,1,0,0,0,0,393,0,56,0,0,0,0,811152,0,0,0,0,1,0,0,100000,0
count6_4_16_32_48_64_256,6,"NODE4,NODE16,NODE32,NODE48,NODE64,NODE256",count6_4_16_32_48_64_256,dense_uint64,100000,1,0,0,0,0,lookup_absent_late,0.001403000,100000,71.275827,100000,1,0,0,0,393,394,100000,811208,2400000,3211208,32.112,8.000,8,1,0,0,0,0,393,0,56,0,0,0,0,811152,0,0,0,0,1,0,0,100000,0
count6_4_16_32_48_64_256,6,"NODE4,NODE16,NODE32,NODE48,NODE64,NODE256",count6_4_16_32_48_64_256,dense_uint64,100000,1,0,0,0,0,insert,0.006969000,100000,14.349261,100000,1,0,0,0,393,394,100000,811208,2400000,3211208,32.112,8.000,8,1,0,0,0,0,393,0,56,0,0,0,0,811152,0,0,0,0,1,0,0,100000,0
count6_4_16_32_48_64_256,6,"NODE4,NODE16,NODE32,NODE48,NODE64,NODE256",count6_4_16_32_48_64_256,dense_uint64,100000,1,0,0,0,0,lookup_success,0.001960000,100000,51.020408,100000,1,0,0,0,393,394,100000,811208,2400000,3211208,32.112,8.000,8,1,0,0,0,0,393,0,56,0,0,0,0,811152,0,0,0,0,1,0,0,100000,0
count6_4_16_32_48_64_256,6,"NODE4,NODE16,NODE32,NODE48,NODE64,NODE256",count6_4_16_32_48_64_256,dense_uint64,100000,1,0,0,0,0,lookup_absent_early,0.000804001,100000,124.378027,100000,1,0,0,0,393,394,100000,811208,2400000,3211208,32.112,8.000,8,1,0,0,0,0,393,0,56,0,0,0,0,811152,0,0,0,0,1,0,0,100000,0
count6_4_16_32_48_64_256,6,"NODE4,NODE16,NODE32,NODE48,NODE64,NODE256",count6_4_16_32_48_64_256,dense_uint64,100000,1,0,0,0,0,lookup_absent_late,0.001390000,100000,71.942453,100000,1,0,0,0,393,394,100000,811208,2400000,3211208,32.112,8.000,8,1,0,0,0,0,393,0,56,0,0,0,0,811152,0,0,0,0,1,0,0,100000,0
count6_4_16_32_48_64_256,6,"NODE4,NODE16,NODE32,NODE48,NODE64,NODE256",count6_4_16_32_48_64_256,dense_uint64,100000,1,0,0,0,0,insert,0.006671000,100000,14.990256,100000,1,0,0,0,393,394,100000,811208,2400000,3211208,32.112,8.000,8,1,0,0,0,0,393,0,56,0,0,0,0,811152,0,0,0,0,1,0,0,100000,0
count6_4_16_32_48_64_256,6,"NODE4,NODE16,NODE32,NODE48,NODE64,NODE256",count6_4_16_32_48_64_256,dense_uint64,100000,1,0,0,0,0,lookup_success,0.001878000,100000,53.248140,100000,1,0,0,0,393,394,100000,811208,2400000,3211208,32.112,8.000,8,1,0,0,0,0,393,0,56,0,0,0,0,811152,0,0,0,0,1,0,0,100000,0
count6_4_16_32_48_64_256,6,"NODE4,NODE16,NODE32,NODE48,NODE64,NODE256",count6_4_16_32_48_64_256,dense_uint64,100000,1,0,0,0,0,lookup_absent_early,0.000829999,100000,120.482024,100000,1,0,0,0,393,394,100000,811208,2400000,3211208,32.112,8.000,8,1,0,0,0,0,393,0,56,0,0,0,0,811152,0,0,0,0,1,0,0,100000,0
count6_4_16_32_48_64_256,6,"NODE4,NODE16,NODE32,NODE48,NODE64,NODE256",count6_4_16_32_48_64_256,dense_uint64,100000,1,0,0,0,0,lookup_absent_late,0.001693000,100000,59.066742,100000,1,0,0,0,393,394,100000,811208,2400000,3211208,32.112,8.000,8,1,0,0,0,0,393,0,56,0,0,0,0,811152,0,0,0,0,1,0,0,100000,0
count6_4_16_32_48_64_256,6,"NODE4,NODE16,NODE32,NODE48,NODE64,NODE256",count6_4_16_32_48_64_256,dense_uint64,1000000,1,0,0,0,0,insert,0.191325000,1000000,5.226708,1000000,0,1,0,0,3922,3924,1000000,8095952,24000000,32095952,32.096,8.000,8,0,1,0,0,1,3922,1,0,160,0,0,784,8095008,0,0,0,0,0,0,1,1000000,0
count6_4_16_32_48_64_256,6,"NODE4,NODE16,NODE32,NODE48,NODE64,NODE256",count6_4_16_32_48_64_256,dense_uint64,1000000,1,0,0,0,0,lookup_success,0.103538000,1000000,9.658290,1000000,0,1,0,0,3922,3924,1000000,8095952,24000000,32095952,32.096,8.000,8,0,1,0,0,1,3922,1,0,160,0,0,784,8095008,0,0,0,0,0,0,1,1000000,0
count6_4_16_32_48_64_256,6,"NODE4,NODE16,NODE32,NODE48,NODE64,NODE256",count6_4_16_32_48_64_256,dense_uint64,1000000,1,0,0,0,0,lookup_absent_early,0.006869000,1000000,145.581590,1000000,0,1,0,0,3922,3924,1000000,8095952,24000000,32095952,32.096,8.000,8,0,1,0,0,1,3922,1,0,160,0,0,784,8095008,0,0,0,0,0,0,1,1000000,0
count6_4_16_32_48_64_256,6,"NODE4,NODE16,NODE32,NODE48,NODE64,NODE256",count6_4_16_32_48_64_256,dense_uint64,1000000,1,0,0,0,0,lookup_absent_late,0.023182999,1000000,43.135057,1000000,0,1,0,0,3922,3924,1000000,8095952,24000000,32095952,32.096,8.000,8,0,1,0,0,1,3922,1,0,160,0,0,784,8095008,0,0,0,0,0,0,1,1000000,0
count6_4_16_32_48_64_256,6,"NODE4,NODE16,NODE32,NODE48,NODE64,NODE256",count6_4_16_32_48_64_256,dense_uint64,1000000,1,0,0,0,0,insert,0.191373000,1000000,5.225398,1000000,0,1,0,0,3922,3924,1000000,8095952,24000000,32095952,32.096,8.000,8,0,1,0,0,1,3922,1,0,160,0,0,784,8095008,0,0,0,0,0,0,1,1000000,0
count6_4_16_32_48_64_256,6,"NODE4,NODE16,NODE32,NODE48,NODE64,NODE256",count6_4_16_32_48_64_256,dense_uint64,1000000,1,0,0,0,0,lookup_success,0.104200000,1000000,9.596929,1000000,0,1,0,0,3922,3924,1000000,8095952,24000000,32095952,32.096,8.000,8,0,1,0,0,1,3922,1,0,160,0,0,784,8095008,0,0,0,0,0,0,1,1000000,0
count6_4_16_32_48_64_256,6,"NODE4,NODE16,NODE32,NODE48,NODE64,NODE256",count6_4_16_32_48_64_256,dense_uint64,1000000,1,0,0,0,0,lookup_absent_early,0.006952001,1000000,143.843482,1000000,0,1,0,0,3922,3924,1000000,8095952,24000000,32095952,32.096,8.000,8,0,1,0,0,1,3922,1,0,160,0,0,784,8095008,0,0,0,0,0,0,1,1000000,0
count6_4_16_32_48_64_256,6,"NODE4,NODE16,NODE32,NODE48,NODE64,NODE256",count6_4_16_32_48_64_256,dense_uint64,1000000,1,0,0,0,0,lookup_absent_late,0.023318000,1000000,42.885324,1000000,0,1,0,0,3922,3924,1000000,8095952,24000000,32095952,32.096,8.000,8,0,1,0,0,1,3922,1,0,160,0,0,784,8095008,0,0,0,0,0,0,1,1000000,0
count6_4_16_32_48_64_256,6,"NODE4,NODE16,NODE32,NODE48,NODE64,NODE256",count6_4_16_32_48_64_256,dense_uint64,1000000,1,0,0,0,0,insert,0.183902000,1000000,5.437679,1000000,0,1,0,0,3922,3924,1000000,8095952,24000000,32095952,32.096,8.000,8,0,1,0,0,1,3922,1,0,160,0,0,784,8095008,0,0,0,0,0,0,1,1000000,0
count6_4_16_32_48_64_256,6,"NODE4,NODE16,NODE32,NODE48,NODE64,NODE256",count6_4_16_32_48_64_256,dense_uint64,1000000,1,0,0,0,0,lookup_success,0.104177000,1000000,9.599048,1000000,0,1,0,0,3922,3924,1000000,8095952,24000000,32095952,32.096,8.000,8,0,1,0,0,1,3922,1,0,160,0,0,784,8095008,0,0,0,0,0,0,1,1000000,0
count6_4_16_32_48_64_256,6,"NODE4,NODE16,NODE32,NODE48,NODE64,NODE256",count6_4_16_32_48_64_256,dense_uint64,1000000,1,0,0,0,0,lookup_absent_early,0.006909000,1000000,144.738752,1000000,0,1,0,0,3922,3924,1000000,8095952,24000000,32095952,32.096,8.000,8,0,1,0,0,1,3922,1,0,160,0,0,784,8095008,0,0,0,0,0,0,1,1000000,0
count6_4_16_32_48_64_256,6,"NODE4,NODE16,NODE32,NODE48,NODE64,NODE256",count6_4_16_32_48_64_256,dense_uint64,1000000,1,0,0,0,0,lookup_absent_late,0.023184001,1000000,43.133194,1000000,0,1,0,0,3922,3924,1000000,8095952,24000000,32095952,32.096,8.000,8,0,1,0,0,1,3922,1,0,160,0,0,784,8095008,0,0,0,0,0,0,1,1000000,0
count6_4_16_32_48_64_256,6,"NODE4,NODE16,NODE32,NODE48,NODE64,NODE256",count6_4_16_32_48_64_256,sparse_uint64,100000,1,0,0,0,0,insert,0.008845001,100000,11.305822,100000,28664,1221,0,0,257,30142,100000,2330992,2400000,4730992,47.310,2.789,4,28664,1221,0,0,0,257,0,1605184,195360,0,0,0,530448,0,0,0,0,17071,12528,286,100000,0
count6_4_16_32_48_64_256,6,"NODE4,NODE16,NODE32,NODE48,NODE64,NODE256",count6_4_16_32_48_64_256,sparse_uint64,100000,1,0,0,0,0,lookup_success,0.003020000,100000,33.112586,100000,28664,1221,0,0,257,30142,100000,2330992,2400000,4730992,47.310,2.789,4,28664,1221,0,0,0,257,0,1605184,195360,0,0,0,530448,0,0,0,0,17071,12528,286,100000,0
count6_4_16_32_48_64_256,6,"NODE4,NODE16,NODE32,NODE48,NODE64,NODE256",count6_4_16_32_48_64_256,sparse_uint64,100000,1,0,0,0,0,lookup_absent_early,0.001849000,100000,54.083278,100000,28664,1221,0,0,257,30142,100000,2330992,2400000,4730992,47.310,2.789,4,28664,1221,0,0,0,257,0,1605184,195360,0,0,0,530448,0,0,0,0,17071,12528,286,100000,0
count6_4_16_32_48_64_256,6,"NODE4,NODE16,NODE32,NODE48,NODE64,NODE256",count6_4_16_32_48_64_256,sparse_uint64,100000,1,0,0,0,0,lookup_absent_late,0.002567000,100000,38.955983,100000,28664,1221,0,0,257,30142,100000,2330992,2400000,4730992,47.310,2.789,4,28664,1221,0,0,0,257,0,1605184,195360,0,0,0,530448,0,0,0,0,17071,12528,286,100000,0
count6_4_16_32_48_64_256,6,"NODE4,NODE16,NODE32,NODE48,NODE64,NODE256",count6_4_16_32_48_64_256,sparse_uint64,100000,1,0,0,0,0,insert,0.007936000,100000,12.600807,100000,28664,1221,0,0,257,30142,100000,2330992,2400000,4730992,47.310,2.789,4,28664,1221,0,0,0,257,0,1605184,195360,0,0,0,530448,0,0,0,0,17071,12528,286,100000,0
count6_4_16_32_48_64_256,6,"NODE4,NODE16,NODE32,NODE48,NODE64,NODE256",count6_4_16_32_48_64_256,sparse_uint64,100000,1,0,0,0,0,lookup_success,0.003863000,100000,25.886615,100000,28664,1221,0,0,257,30142,100000,2330992,2400000,4730992,47.310,2.789,4,28664,1221,0,0,0,257,0,1605184,195360,0,0,0,530448,0,0,0,0,17071,12528,286,100000,0
count6_4_16_32_48_64_256,6,"NODE4,NODE16,NODE32,NODE48,NODE64,NODE256",count6_4_16_32_48_64_256,sparse_uint64,100000,1,0,0,0,0,lookup_absent_early,0.002088999,100000,47.869808,100000,28664,1221,0,0,257,30142,100000,2330992,2400000,4730992,47.310,2.789,4,28664,1221,0,0,0,257,0,1605184,195360,0,0,0,530448,0,0,0,0,17071,12528,286,100000,0
count6_4_16_32_48_64_256,6,"NODE4,NODE16,NODE32,NODE48,NODE64,NODE256",count6_4_16_32_48_64_256,sparse_uint64,100000,1,0,0,0,0,lookup_absent_late,0.002095000,100000,47.732699,100000,28664,1221,0,0,257,30142,100000,2330992,2400000,4730992,47.310,2.789,4,28664,1221,0,0,0,257,0,1605184,195360,0,0,0,530448,0,0,0,0,17071,12528,286,100000,0
count6_4_16_32_48_64_256,6,"NODE4,NODE16,NODE32,NODE48,NODE64,NODE256",count6_4_16_32_48_64_256,sparse_uint64,100000,1,0,0,0,0,insert,0.008753001,100000,11.424653,100000,28664,1221,0,0,257,30142,100000,2330992,2400000,4730992,47.310,2.789,4,28664,1221,0,0,0,257,0,1605184,195360,0,0,0,530448,0,0,0,0,17071,12528,286,100000,0
count6_4_16_32_48_64_256,6,"NODE4,NODE16,NODE32,NODE48,NODE64,NODE256",count6_4_16_32_48_64_256,sparse_uint64,100000,1,0,0,0,0,lookup_success,0.003242000,100000,30.845157,100000,28664,1221,0,0,257,30142,100000,2330992,2400000,4730992,47.310,2.789,4,28664,1221,0,0,0,257,0,1605184,195360,0,0,0,530448,0,0,0,0,17071,12528,286,100000,0
count6_4_16_32_48_64_256,6,"NODE4,NODE16,NODE32,NODE48,NODE64,NODE256",count6_4_16_32_48_64_256,sparse_uint64,100000,1,0,0,0,0,lookup_absent_early,0.001867000,100000,53.561864,100000,28664,1221,0,0,257,30142,100000,2330992,2400000,4730992,47.310,2.789,4,28664,1221,0,0,0,257,0,1605184,195360,0,0,0,530448,0,0,0,0,17071,12528,286,100000,0
count6_4_16_32_48_64_256,6,"NODE4,NODE16,NODE32,NODE48,NODE64,NODE256",count6_4_16_32_48_64_256,sparse_uint64,100000,1,0,0,0,0,lookup_absent_late,0.002363000,100000,42.319085,100000,28664,1221,0,0,257,30142,100000,2330992,2400000,4730992,47.310,2.789,4,28664,1221,0,0,0,257,0,1605184,195360,0,0,0,530448,0,0,0,0,17071,12528,286,100000,0
count6_4_16_32_48_64_256,6,"NODE4,NODE16,NODE32,NODE48,NODE64,NODE256",count6_4_16_32_48_64_256,sparse_uint64,1000000,1,0,0,0,0,insert,0.298220000,1000000,3.353229,1000000,28581,44789,20689,2,257,94318,1000000,15587992,24000000,39587992,39.588,3.058,6,28581,44789,20689,2,0,257,0,1600536,7166240,6289456,1312,0,530448,0,0,0,0,27948,748,44674,1000000,0
count6_4_16_32_48_64_256,6,"NODE4,NODE16,NODE32,NODE48,NODE64,NODE256",count6_4_16_32_48_64_256,sparse_uint64,1000000,1,0,0,0,0,lookup_success,0.135360000,1000000,7.387707,1000000,28581,44789,20689,2,257,94318,1000000,15587992,24000000,39587992,39.588,3.058,6,28581,44789,20689,2,0,257,0,1600536,7166240,6289456,1312,0,530448,0,0,0,0,27948,748,44674,1000000,0
count6_4_16_32_48_64_256,6,"NODE4,NODE16,NODE32,NODE48,NODE64,NODE256",count6_4_16_32_48_64_256,sparse_uint64,1000000,1,0,0,0,0,lookup_absent_early,0.035759999,1000000,27.964206,1000000,28581,44789,20689,2,257,94318,1000000,15587992,24000000,39587992,39.588,3.058,6,28581,44789,20689,2,0,257,0,1600536,7166240,6289456,1312,0,530448,0,0,0,0,27948,748,44674,1000000,0
count6_4_16_32_48_64_256,6,"NODE4,NODE16,NODE32,NODE48,NODE64,NODE256",count6_4_16_32_48_64_256,sparse_uint64,1000000,1,0,0,0,0,lookup_absent_late,0.070578000,1000000,14.168721,1000000,28581,44789,20689,2,257,94318,1000000,15587992,24000000,39587992,39.588,3.058,6,28581,44789,20689,2,0,257,0,1600536,7166240,6289456,1312,0,530448,0,0,0,0,27948,748,44674,1000000,0
count6_4_16_32_48_64_256,6,"NODE4,NODE16,NODE32,NODE48,NODE64,NODE256",count6_4_16_32_48_64_256,sparse_uint64,1000000,1,0,0,0,0,insert,0.306102000,1000000,3.266885,1000000,28581,44789,20689,2,257,94318,1000000,15587992,24000000,39587992,39.588,3.058,6,28581,44789,20689,2,0,257,0,1600536,7166240,6289456,1312,0,530448,0,0,0,0,27948,748,44674,1000000,0
count6_4_16_32_48_64_256,6,"NODE4,NODE16,NODE32,NODE48,NODE64,NODE256",count6_4_16_32_48_64_256,sparse_uint64,1000000,1,0,0,0,0,lookup_success,0.134742999,1000000,7.421536,1000000,28581,44789,20689,2,257,94318,1000000,15587992,24000000,39587992,39.588,3.058,6,28581,44789,20689,2,0,257,0,1600536,7166240,6289456,1312,0,530448,0,0,0,0,27948,748,44674,1000000,0
count6_4_16_32_48_64_256,6,"NODE4,NODE16,NODE32,NODE48,NODE64,NODE256",count6_4_16_32_48_64_256,sparse_uint64,1000000,1,0,0,0,0,lookup_absent_early,0.035037000,1000000,28.541257,1000000,28581,44789,20689,2,257,94318,1000000,15587992,24000000,39587992,39.588,3.058,6,28581,44789,20689,2,0,257,0,1600536,7166240,6289456,1312,0,530448,0,0,0,0,27948,748,44674,1000000,0
count6_4_16_32_48_64_256,6,"NODE4,NODE16,NODE32,NODE48,NODE64,NODE256",count6_4_16_32_48_64_256,sparse_uint64,1000000,1,0,0,0,0,lookup_absent_late,0.067679000,1000000,14.775632,1000000,28581,44789,20689,2,257,94318,1000000,15587992,24000000,39587992,39.588,3.058,6,28581,44789,20689,2,0,257,0,1600536,7166240,6289456,1312,0,530448,0,0,0,0,27948,748,44674,1000000,0
count6_4_16_32_48_64_256,6,"NODE4,NODE16,NODE32,NODE48,NODE64,NODE256",count6_4_16_32_48_64_256,sparse_uint64,1000000,1,0,0,0,0,insert,0.299539000,1000000,3.338463,1000000,28581,44789,20689,2,257,94318,1000000,15587992,24000000,39587992,39.588,3.058,6,28581,44789,20689,2,0,257,0,1600536,7166240,6289456,1312,0,530448,0,0,0,0,27948,748,44674,1000000,0
count6_4_16_32_48_64_256,6,"NODE4,NODE16,NODE32,NODE48,NODE64,NODE256",count6_4_16_32_48_64_256,sparse_uint64,1000000,1,0,0,0,0,lookup_success,0.138419000,1000000,7.224442,1000000,28581,44789,20689,2,257,94318,1000000,15587992,24000000,39587992,39.588,3.058,6,28581,44789,20689,2,0,257,0,1600536,7166240,6289456,1312,0,530448,0,0,0,0,27948,748,44674,1000000,0
count6_4_16_32_48_64_256,6,"NODE4,NODE16,NODE32,NODE48,NODE64,NODE256",count6_4_16_32_48_64_256,sparse_uint64,1000000,1,0,0,0,0,lookup_absent_early,0.035258001,1000000,28.362357,1000000,28581,44789,20689,2,257,94318,1000000,15587992,24000000,39587992,39.588,3.058,6,28581,44789,20689,2,0,257,0,1600536,7166240,6289456,1312,0,530448,0,0,0,0,27948,748,44674,1000000,0
count6_4_16_32_48_64_256,6,"NODE4,NODE16,NODE32,NODE48,NODE64,NODE256",count6_4_16_32_48_64_256,sparse_uint64,1000000,1,0,0,0,0,lookup_absent_late,0.067302000,1000000,14.858400,1000000,28581,44789,20689,2,257,94318,1000000,15587992,24000000,39587992,39.588,3.058,6,28581,44789,20689,2,0,257,0,1600536,7166240,6289456,1312,0,530448,0,0,0,0,27948,748,44674,1000000,0
count6_4_16_32_48_64_256,6,"NODE4,NODE16,NODE32,NODE48,NODE64,NODE256",count6_4_16_32_48_64_256,controlled_fanout,100000,1,10,10000,0,0,insert,0.009069000,100000,11.026574,100000,0,10001,0,1,39,10041,100000,1681312,2200000,3881312,38.813,5.000,5,0,10001,0,1,0,39,0,0,1600160,0,656,0,80496,0,0,0,0,0,0,10001,100000,0
count6_4_16_32_48_64_256,6,"NODE4,NODE16,NODE32,NODE48,NODE64,NODE256",count6_4_16_32_48_64_256,controlled_fanout,100000,1,10,10000,0,0,lookup_success,0.002098000,100000,47.664450,100000,0,10001,0,1,39,10041,100000,1681312,2200000,3881312,38.813,5.000,5,0,10001,0,1,0,39,0,0,1600160,0,656,0,80496,0,0,0,0,0,0,10001,100000,0
count6_4_16_32_48_64_256,6,"NODE4,NODE16,NODE32,NODE48,NODE64,NODE256",count6_4_16_32_48_64_256,controlled_fanout,100000,1,10,10000,0,0,lookup_absent_early,0.001789000,100000,55.897153,100000,0,10001,0,1,39,10041,100000,1681312,2200000,3881312,38.813,5.000,5,0,10001,0,1,0,39,0,0,1600160,0,656,0,80496,0,0,0,0,0,0,10001,100000,0
count6_4_16_32_48_64_256,6,"NODE4,NODE16,NODE32,NODE48,NODE64,NODE256",count6_4_16_32_48_64_256,controlled_fanout,100000,1,10,10000,0,0,lookup_absent_late,0.001720999,100000,58.105774,100000,0,10001,0,1,39,10041,100000,1681312,2200000,3881312,38.813,5.000,5,0,10001,0,1,0,39,0,0,1600160,0,656,0,80496,0,0,0,0,0,0,10001,100000,0
count6_4_16_32_48_64_256,6,"NODE4,NODE16,NODE32,NODE48,NODE64,NODE256",count6_4_16_32_48_64_256,controlled_fanout,100000,1,10,10000,0,0,insert,0.009864001,100000,10.137874,100000,0,10001,0,1,39,10041,100000,1681312,2200000,3881312,38.813,5.000,5,0,10001,0,1,0,39,0,0,1600160,0,656,0,80496,0,0,0,0,0,0,10001,100000,0
count6_4_16_32_48_64_256,6,"NODE4,NODE16,NODE32,NODE48,NODE64,NODE256",count6_4_16_32_48_64_256,controlled_fanout,100000,1,10,10000,0,0,lookup_success,0.002114000,100000,47.303694,100000,0,10001,0,1,39,10041,100000,1681312,2200000,3881312,38.813,5.000,5,0,10001,0,1,0,39,0,0,1600160,0,656,0,80496,0,0,0,0,0,0,10001,100000,0
count6_4_16_32_48_64_256,6,"NODE4,NODE16,NODE32,NODE48,NODE64,NODE256",count6_4_16_32_48_64_256,controlled_fanout,100000,1,10,10000,0,0,lookup_absent_early,0.001759000,100000,56.850479,100000,0,10001,0,1,39,10041,100000,1681312,2200000,3881312,38.813,5.000,5,0,10001,0,1,0,39,0,0,1600160,0,656,0,80496,0,0,0,0,0,0,10001,100000,0
count6_4_16_32_48_64_256,6,"NODE4,NODE16,NODE32,NODE48,NODE64,NODE256",count6_4_16_32_48_64_256,controlled_fanout,100000,1,10,10000,0,0,lookup_absent_late,0.001289000,100000,77.579531,100000,0,10001,0,1,39,10041,100000,1681312,2200000,3881312,38.813,5.000,5,0,10001,0,1,0,39,0,0,1600160,0,656,0,80496,0,0,0,0,0,0,10001,100000,0
count6_4_16_32_48_64_256,6,"NODE4,NODE16,NODE32,NODE48,NODE64,NODE256",count6_4_16_32_48_64_256,controlled_fanout,100000,1,10,10000,0,0,insert,0.010823000,100000,9.239582,100000,0,10001,0,1,39,10041,100000,1681312,2200000,3881312,38.813,5.000,5,0,10001,0,1,0,39,0,0,1600160,0,656,0,80496,0,0,0,0,0,0,10001,100000,0
count6_4_16_32_48_64_256,6,"NODE4,NODE16,NODE32,NODE48,NODE64,NODE256",count6_4_16_32_48_64_256,controlled_fanout,100000,1,10,10000,0,0,lookup_success,0.002069000,100000,48.332524,100000,0,10001,0,1,39,10041,100000,1681312,2200000,3881312,38.813,5.000,5,0,10001,0,1,0,39,0,0,1600160,0,656,0,80496,0,0,0,0,0,0,10001,100000,0
count6_4_16_32_48_64_256,6,"NODE4,NODE16,NODE32,NODE48,NODE64,NODE256",count6_4_16_32_48_64_256,controlled_fanout,100000,1,10,10000,0,0,lookup_absent_early,0.002162000,100000,46.253465,100000,0,10001,0,1,39,10041,100000,1681312,2200000,3881312,38.813,5.000,5,0,10001,0,1,0,39,0,0,1600160,0,656,0,80496,0,0,0,0,0,0,10001,100000,0
count6_4_16_32_48_64_256,6,"NODE4,NODE16,NODE32,NODE48,NODE64,NODE256",count6_4_16_32_48_64_256,controlled_fanout,100000,1,10,10000,0,0,lookup_absent_late,0.001652000,100000,60.532704,100000,0,10001,0,1,39,10041,100000,1681312,2200000,3881312,38.813,5.000,5,0,10001,0,1,0,39,0,0,1600160,0,656,0,80496,0,0,0,0,0,0,10001,100000,0
count6_4_16_32_48_64_256,6,"NODE4,NODE16,NODE32,NODE48,NODE64,NODE256",count6_4_16_32_48_64_256,controlled_fanout,160000,1,16,10000,0,0,insert,0.017896000,160000,8.940545,160000,0,10001,0,1,39,10041,160000,1681312,3520000,5201312,32.508,5.000,5,0,10001,0,1,0,39,0,0,1600160,0,656,0,80496,0,0,0,0,0,0,10001,160000,0
count6_4_16_32_48_64_256,6,"NODE4,NODE16,NODE32,NODE48,NODE64,NODE256",count6_4_16_32_48_64_256,controlled_fanout,160000,1,16,10000,0,0,lookup_success,0.004460000,160000,35.874436,160000,0,10001,0,1,39,10041,160000,1681312,3520000,5201312,32.508,5.000,5,0,10001,0,1,0,39,0,0,1600160,0,656,0,80496,0,0,0,0,0,0,10001,160000,0
count6_4_16_32_48_64_256,6,"NODE4,NODE16,NODE32,NODE48,NODE64,NODE256",count6_4_16_32_48_64_256,controlled_fanout,160000,1,16,10000,0,0,lookup_absent_early,0.003562001,160000,44.918578,160000,0,10001,0,1,39,10041,160000,1681312,3520000,5201312,32.508,5.000,5,0,10001,0,1,0,39,0,0,1600160,0,656,0,80496,0,0,0,0,0,0,10001,160000,0
count6_4_16_32_48_64_256,6,"NODE4,NODE16,NODE32,NODE48,NODE64,NODE256",count6_4_16_32_48_64_256,controlled_fanout,160000,1,16,10000,0,0,lookup_absent_late,0.002238000,160000,71.492410,160000,0,10001,0,1,39,10041,160000,1681312,3520000,5201312,32.508,5.000,5,0,10001,0,1,0,39,0,0,1600160,0,656,0,80496,0,0,0,0,0,0,10001,160000,0
count6_4_16_32_48_64_256,6,"NODE4,NODE16,NODE32,NODE48,NODE64,NODE256",count6_4_16_32_48_64_256,controlled_fanout,160000,1,16,10000,0,0,insert,0.017645000,160000,9.067725,160000,0,10001,0,1,39,10041,160000,1681312,3520000,5201312,32.508,5.000,5,0,10001,0,1,0,39,0,0,1600160,0,656,0,80496,0,0,0,0,0,0,10001,160000,0
count6_4_16_32_48_64_256,6,"NODE4,NODE16,NODE32,NODE48,NODE64,NODE256",count6_4_16_32_48_64_256,controlled_fanout,160000,1,16,10000,0,0,lookup_success,0.004311000,160000,37.114359,160000,0,10001,0,1,39,10041,160000,1681312,3520000,5201312,32.508,5.000,5,0,10001,0,1,0,39,0,0,1600160,0,656,0,80496,0,0,0,0,0,0,10001,160000,0
count6_4_16_32_48_64_256,6,"NODE4,NODE16,NODE32,NODE48,NODE64,NODE256",count6_4_16_32_48_64_256,controlled_fanout,160000,1,16,10000,0,0,lookup_absent_early,0.003946001,160000,40.547382,160000,0,10001,0,1,39,10041,160000,1681312,3520000,5201312,32.508,5.000,5,0,10001,0,1,0,39,0,0,1600160,0,656,0,80496,0,0,0,0,0,0,10001,160000,0
count6_4_16_32_48_64_256,6,"NODE4,NODE16,NODE32,NODE48,NODE64,NODE256",count6_4_16_32_48_64_256,controlled_fanout,160000,1,16,10000,0,0,lookup_absent_late,0.002265000,160000,70.640183,160000,0,10001,0,1,39,10041,160000,1681312,3520000,5201312,32.508,5.000,5,0,10001,0,1,0,39,0,0,1600160,0,656,0,80496,0,0,0,0,0,0,10001,160000,0
count6_4_16_32_48_64_256,6,"NODE4,NODE16,NODE32,NODE48,NODE64,NODE256",count6_4_16_32_48_64_256,controlled_fanout,160000,1,16,10000,0,0,insert,0.018049000,160000,8.864757,160000,0,10001,0,1,39,10041,160000,1681312,3520000,5201312,32.508,5.000,5,0,10001,0,1,0,39,0,0,1600160,0,656,0,80496,0,0,0,0,0,0,10001,160000,0
count6_4_16_32_48_64_256,6,"NODE4,NODE16,NODE32,NODE48,NODE64,NODE256",count6_4_16_32_48_64_256,controlled_fanout,160000,1,16,10000,0,0,lookup_success,0.004404000,160000,36.330608,160000,0,10001,0,1,39,10041,160000,1681312,3520000,5201312,32.508,5.000,5,0,10001,0,1,0,39,0,0,1600160,0,656,0,80496,0,0,0,0,0,0,10001,160000,0
count6_4_16_32_48_64_256,6,"NODE4,NODE16,NODE32,NODE48,NODE64,NODE256",count6_4_16_32_48_64_256,controlled_fanout,160000,1,16,10000,0,0,lookup_absent_early,0.003577000,160000,44.730227,160000,0,10001,0,1,39,10041,160000,1681312,3520000,5201312,32.508,5.000,5,0,10001,0,1,0,39,0,0,1600160,0,656,0,80496,0,0,0,0,0,0,10001,160000,0
count6_4_16_32_48_64_256,6,"NODE4,NODE16,NODE32,NODE48,NODE64,NODE256",count6_4_16_32_48_64_256,controlled_fanout,160000,1,16,10000,0,0,lookup_absent_late,0.002210001,160000,72.398173,160000,0,10001,0,1,39,10041,160000,1681312,3520000,5201312,32.508,5.000,5,0,10001,0,1,0,39,0,0,1600160,0,656,0,80496,0,0,0,0,0,0,10001,160000,0
count6_4_16_32_48_64_256,6,"NODE4,NODE16,NODE32,NODE48,NODE64,NODE256",count6_4_16_32_48_64_256,controlled_fanout,320000,1,32,10000,0,0,insert,0.056446000,320000,5.669135,320000,0,1,10000,1,39,10041,320000,3121312,7040000,10161312,31.754,5.000,5,0,1,10000,1,0,39,0,0,160,3040000,656,0,80496,0,0,0,0,0,0,1,320000,0
count6_4_16_32_48_64_256,6,"NODE4,NODE16,NODE32,NODE48,NODE64,NODE256",count6_4_16_32_48_64_256,controlled_fanout,320000,1,32,10000,0,0,lookup_success,0.014977000,320000,21.366095,320000,0,1,10000,1,39,10041,320000,3121312,7040000,10161312,31.754,5.000,5,0,1,10000,1,0,39,0,0,160,3040000,656,0,80496,0,0,0,0,0,0,1,320000,0
count6_4_16_32_48_64_256,6,"NODE4,NODE16,NODE32,NODE48,NODE64,NODE256",count6_4_16_32_48_64_256,controlled_fanout,320000,1,32,10000,0,0,lookup_absent_early,0.010687999,320000,29.940121,320000,0,1,10000,1,39,10041,320000,3121312,7040000,10161312,31.754,5.000,5,0,1,10000,1,0,39,0,0,160,3040000,656,0,80496,0,0,0,0,0,0,1,320000,0
count6_4_16_32_48_64_256,6,"NODE4,NODE16,NODE32,NODE48,NODE64,NODE256",count6_4_16_32_48_64_256,controlled_fanout,320000,1,32,10000,0,0,lookup_absent_late,0.007498000,320000,42.678049,320000,0,1,10000,1,39,10041,320000,3121312,7040000,10161312,31.754,5.000,5,0,1,10000,1,0,39,0,0,160,3040000,656,0,80496,0,0,0,0,0,0,1,320000,0
count6_4_16_32_48_64_256,6,"NODE4,NODE16,NODE32,NODE48,NODE64,NODE256",count6_4_16_32_48_64_256,controlled_fanout,320000,1,32,10000,0,0,insert,0.056864000,320000,5.627462,320000,0,1,10000,1,39,10041,320000,3121312,7040000,10161312,31.754,5.000,5,0,1,10000,1,0,39,0,0,160,3040000,656,0,80496,0,0,0,0,0,0,1,320000,0
count6_4_16_32_48_64_256,6,"NODE4,NODE16,NODE32,NODE48,NODE64,NODE256",count6_4_16_32_48_64_256,controlled_fanout,320000,1,32,10000,0,0,lookup_success,0.017599000,320000,18.182852,320000,0,1,10000,1,39,10041,320000,3121312,7040000,10161312,31.754,5.000,5,0,1,10000,1,0,39,0,0,160,3040000,656,0,80496,0,0,0,0,0,0,1,320000,0
count6_4_16_32_48_64_256,6,"NODE4,NODE16,NODE32,NODE48,NODE64,NODE256",count6_4_16_32_48_64_256,controlled_fanout,320000,1,32,10000,0,0,lookup_absent_early,0.010570000,320000,30.274362,320000,0,1,10000,1,39,10041,320000,3121312,7040000,10161312,31.754,5.000,5,0,1,10000,1,0,39,0,0,160,3040000,656,0,80496,0,0,0,0,0,0,1,320000,0
count6_4_16_32_48_64_256,6,"NODE4,NODE16,NODE32,NODE48,NODE64,NODE256",count6_4_16_32_48_64_256,controlled_fanout,320000,1,32,10000,0,0,lookup_absent_late,0.005899000,320000,54.246483,320000,0,1,10000,1,39,10041,320000,3121312,7040000,10161312,31.754,5.000,5,0,1,10000,1,0,39,0,0,160,3040000,656,0,80496,0,0,0,0,0,0,1,320000,0
count6_4_16_32_48_64_256,6,"NODE4,NODE16,NODE32,NODE48,NODE64,NODE256",count6_4_16_32_48_64_256,controlled_fanout,320000,1,32,10000,0,0,insert,0.054919000,320000,5.826763,320000,0,1,10000,1,39,10041,320000,3121312,7040000,10161312,31.754,5.000,5,0,1,10000,1,0,39,0,0,160,3040000,656,0,80496,0,0,0,0,0,0,1,320000,0
count6_4_16_32_48_64_256,6,"NODE4,NODE16,NODE32,NODE48,NODE64,NODE256",count6_4_16_32_48_64_256,controlled_fanout,320000,1,32,10000,0,0,lookup_success,0.016662001,320000,19.205377,320000,0,1,10000,1,39,10041,320000,3121312,7040000,10161312,31.754,5.000,5,0,1,10000,1,0,39,0,0,160,3040000,656,0,80496,0,0,0,0,0,0,1,320000,0
count6_4_16_32_48_64_256,6,"NODE4,NODE16,NODE32,NODE48,NODE64,NODE256",count6_4_16_32_48_64_256,controlled_fanout,320000,1,32,10000,0,0,lookup_absent_early,0.011794000,320000,27.132440,320000,0,1,10000,1,39,10041,320000,3121312,7040000,10161312,31.754,5.000,5,0,1,10000,1,0,39,0,0,160,3040000,656,0,80496,0,0,0,0,0,0,1,320000,0
count6_4_16_32_48_64_256,6,"NODE4,NODE16,NODE32,NODE48,NODE64,NODE256",count6_4_16_32_48_64_256,controlled_fanout,320000,1,32,10000,0,0,lookup_absent_late,0.005980000,320000,53.511707,320000,0,1,10000,1,39,10041,320000,3121312,7040000,10161312,31.754,5.000,5,0,1,10000,1,0,39,0,0,160,3040000,656,0,80496,0,0,0,0,0,0,1,320000,0
count6_paper6,6,"NODE2,NODE5,NODE16,NODE32,NODE48,NODE64,NODE256",count6_paper6,dense_uint64,100000,1,0,0,0,0,insert,0.005515000,100000,18.132367,100000,0,0,0,0,393,394,100000,811192,2400000,3211192,32.112,8.000,8,1,0,0,0,0,393,0,0,0,0,0,0,811152,1,0,40,0,1,0,0,100000,0
count6_paper6,6,"NODE2,NODE5,NODE16,NODE32,NODE48,NODE64,NODE256",count6_paper6,dense_uint64,100000,1,0,0,0,0,lookup_success,0.002485001,100000,40.241440,100000,0,0,0,0,393,394,100000,811192,2400000,3211192,32.112,8.000,8,1,0,0,0,0,393,0,0,0,0,0,0,811152,1,0,40,0,1,0,0,100000,0
count6_paper6,6,"NODE2,NODE5,NODE16,NODE32,NODE48,NODE64,NODE256",count6_paper6,dense_uint64,100000,1,0,0,0,0,lookup_absent_early,0.000717000,100000,139.469994,100000,0,0,0,0,393,394,100000,811192,2400000,3211192,32.112,8.000,8,1,0,0,0,0,393,0,0,0,0,0,0,811152,1,0,40,0,1,0,0,100000,0
count6_paper6,6,"NODE2,NODE5,NODE16,NODE32,NODE48,NODE64,NODE256",count6_paper6,dense_uint64,100000,1,0,0,0,0,lookup_absent_late,0.001351000,100000,74.019255,100000,0,0,0,0,393,394,100000,811192,2400000,3211192,32.112,8.000,8,1,0,0,0,0,393,0,0,0,0,0,0,811152,1,0,40,0,1,0,0,100000,0
count6_paper6,6,"NODE2,NODE5,NODE16,NODE32,NODE48,NODE64,NODE256",count6_paper6,dense_uint64,100000,1,0,0,0,0,insert,0.006262000,100000,15.969340,100000,0,0,0,0,393,394,100000,811192,2400000,3211192,32.112,8.000,8,1,0,0,0,0,393,0,0,0,0,0,0,811152,1,0,40,0,1,0,0,100000,0
count6_paper6,6,"NODE2,NODE5,NODE16,NODE32,NODE48,NODE64,NODE256",count6_paper6,dense_uint64,100000,1,0,0,0,0,lookup_success,0.001866000,100000,53.590575,100000,0,0,0,0,393,394,100000,811192,2400000,3211192,32.112,8.000,8,1,0,0,0,0,393,0,0,0,0,0,0,811152,1,0,40,0,1,0,0,100000,0
count6_paper6,6,"NODE2,NODE5,NODE16,NODE32,NODE48,NODE64,NODE256",count6_paper6,dense_uint64,100000,1,0,0,0,0,lookup_absent_early,0.000765000,100000,130.719033,100000,0,0,0,0,393,394,100000,811192,2400000,3211192,32.112,8.000,8,1,0,0,0,0,393,0,0,0,0,0,0,811152,1,0,40,0,1,0,0,100000,0
count6_paper6,6,"NODE2,NODE5,NODE16,NODE32,NODE48,NODE64,NODE256",count6_paper6,dense_uint64,100000,1,0,0,0,0,lookup_absent_late,0.001731000,100000,57.770078,100000,0,0,0,0,393,394,100000,811192,2400000,3211192,32.112,8.000,8,1,0,0,0,0,393,0,0,0,0,0,0,811152,1,0,40,0,1,0,0,100000,0
count6_paper6,6,"NODE2,NODE5,NODE16,NODE32,NODE48,NODE64,NODE256",count6_paper6,dense_uint64,100000,1,0,0,0,0,insert,0.006453000,100000,15.496668,100000,0,0,0,0,393,394,100000,811192,2400000,3211192,32.112,8.000,8,1,0,0,0,0,393,0,0,0,0,0,0,811152,1,0,40,0,1,0,0,100000,0
count6_paper6,6,"NODE2,NODE5,NODE16,NODE32,NODE48,NODE64,NODE256",count6_paper6,dense_uint64,100000,1,0,0,0,0,lookup_success,0.002054000,100000,48.685485,100000,0,0,0,0,393,394,100000,811192,2400000,3211192,32.112,8.000,8,1,0,0,0,0,393,0,0,0,0,0,0,811152,1,0,40,0,1,0,0,100000,0
count6_paper6,6,"NODE2,NODE5,NODE16,NODE32,NODE48,NODE64,NODE256",count6_paper6,dense_uint64,100000,1,0,0,0,0,lookup_absent_early,0.000777001,100000,128.700036,100000,0,0,0,0,393,394,100000,811192,2400000,3211192,32.112,8.000,8,1,0,0,0,0,393,0,0,0,0,0,0,811152,1,0,40,0,1,0,0,100000,0
count6_paper6,6,"NODE2,NODE5,NODE16,NODE32,NODE48,NODE64,NODE256",count6_paper6,dense_uint64,100000,1,0,0,0,0,lookup_absent_late,0.001460999,100000,68.446305,100000,0,0,0,0,393,394,100000,811192,2400000,3211192,32.112,8.000,8,1,0,0,0,0,393,0,0,0,0,0,0,811152,1,0,40,0,1,0,0,100000,0
count6_paper6,6,"NODE2,NODE5,NODE16,NODE32,NODE48,NODE64,NODE256",count6_paper6,dense_uint64,1000000,1,0,0,0,0,insert,0.186431999,1000000,5.363886,1000000,0,1,0,0,3922,3924,1000000,8095952,24000000,32095952,32.096,8.000,8,0,1,0,0,1,3922,1,0,160,0,0,784,8095008,0,0,0,0,0,0,1,1000000,0
count6_paper6,6,"NODE2,NODE5,NODE16,NODE32,NODE48,NODE64,NODE256",count6_paper6,dense_uint64,1000000,1,0,0,0,0,lookup_success,0.107390000,1000000,9.311854,1000000,0,1,0,0,3922,3924,1000000,8095952,24000000,32095952,32.096,8.000,8,0,1,0,0,1,3922,1,0,160,0,0,784,8095008,0,0,0,0,0,0,1,1000000,0
count6_paper6,6,"NODE2,NODE5,NODE16,NODE32,NODE48,NODE64,NODE256",count6_paper6,dense_uint64,1000000,1,0,0,0,0,lookup_absent_early,0.006880000,1000000,145.348832,1000000,0,1,0,0,3922,3924,1000000,8095952,24000000,32095952,32.096,8.000,8,0,1,0,0,1,3922,1,0,160,0,0,784,8095008,0,0,0,0,0,0,1,1000000,0
count6_paper6,6,"NODE2,NODE5,NODE16,NODE32,NODE48,NODE64,NODE256",count6_paper6,dense_uint64,1000000,1,0,0,0,0,lookup_absent_late,0.022275000,1000000,44.893378,1000000,0,1,0,0,3922,3924,1000000,8095952,24000000,32095952,32.096,8.000,8,0,1,0,0,1,3922,1,0,160,0,0,784,8095008,0,0,0,0,0,0,1,1000000,0
count6_paper6,6,"NODE2,NODE5,NODE16,NODE32,NODE48,NODE64,NODE256",count6_paper6,dense_uint64,1000000,1,0,0,0,0,insert,0.180753000,1000000,5.532412,1000000,0,1,0,0,3922,3924,1000000,8095952,24000000,32095952,32.096,8.000,8,0,1,0,0,1,3922,1,0,160,0,0,784,8095008,0,0,0,0,0,0,1,1000000,0
count6_paper6,6,"NODE2,NODE5,NODE16,NODE32,NODE48,NODE64,NODE256",count6_paper6,dense_uint64,1000000,1,0,0,0,0,lookup_success,0.103714000,1000000,9.641900,1000000,0,1,0,0,3922,3924,1000000,8095952,24000000,32095952,32.096,8.000,8,0,1,0,0,1,3922,1,0,160,0,0,784,8095008,0,0,0,0,0,0,1,1000000,0
count6_paper6,6,"NODE2,NODE5,NODE16,NODE32,NODE48,NODE64,NODE256",count6_paper6,dense_uint64,1000000,1,0,0,0,0,lookup_absent_early,0.007052000,1000000,141.803750,1000000,0,1,0,0,3922,3924,1000000,8095952,24000000,32095952,32.096,8.000,8,0,1,0,0,1,3922,1,0,160,0,0,784,8095008,0,0,0,0,0,0,1,1000000,0
count6_paper6,6,"NODE2,NODE5,NODE16,NODE32,NODE48,NODE64,NODE256",count6_paper6,dense_uint64,1000000,1,0,0,0,0,lookup_absent_late,0.022716000,1000000,44.021835,1000000,0,1,0,0,3922,3924,1000000,8095952,24000000,32095952,32.096,8.000,8,0,1,0,0,1,3922,1,0,160,0,0,784,8095008,0,0,0,0,0,0,1,1000000,0
count6_paper6,6,"NODE2,NODE5,NODE16,NODE32,NODE48,NODE64,NODE256",count6_paper6,dense_uint64,1000000,1,0,0,0,0,insert,0.181983000,1000000,5.495019,1000000,0,1,0,0,3922,3924,1000000,8095952,24000000,32095952,32.096,8.000,8,0,1,0,0,1,3922,1,0,160,0,0,784,8095008,0,0,0,0,0,0,1,1000000,0
count6_paper6,6,"NODE2,NODE5,NODE16,NODE32,NODE48,NODE64,NODE256",count6_paper6,dense_uint64,1000000,1,0,0,0,0,lookup_success,0.104322000,1000000,9.585706,1000000,0,1,0,0,3922,3924,1000000,8095952,24000000,32095952,32.096,8.000,8,0,1,0,0,1,3922,1,0,160,0,0,784,8095008,0,0,0,0,0,0,1,1000000,0
count6_paper6,6,"NODE2,NODE5,NODE16,NODE32,NODE48,NODE64,NODE256",count6_paper6,dense_uint64,1000000,1,0,0,0,0,lookup_absent_early,0.006857000,1000000,145.836365,1000000,0,1,0,0,3922,3924,1000000,8095952,24000000,32095952,32.096,8.000,8,0,1,0,0,1,3922,1,0,160,0,0,784,8095008,0,0,0,0,0,0,1,1000000,0
count6_paper6,6,"NODE2,NODE5,NODE16,NODE32,NODE48,NODE64,NODE256",count6_paper6,dense_uint64,1000000,1,0,0,0,0,lookup_absent_late,0.021887000,1000000,45.689222,1000000,0,1,0,0,3922,3924,1000000,8095952,24000000,32095952,32.096,8.000,8,0,1,0,0,1,3922,1,0,160,0,0,784,8095008,0,0,0,0,0,0,1,1000000,0
count6_paper6,6,"NODE2,NODE5,NODE16,NODE32,NODE48,NODE64,NODE256",count6_paper6,sparse_uint64,100000,1,0,0,0,0,insert,0.010222000,100000,9.782821,100000,0,286,0,0,257,30142,100000,2060840,2400000,4460840,44.608,2.789,4,28664,1221,0,0,0,257,0,0,45760,0,0,0,530448,17071,12528,682840,801792,17071,12528,286,100000,0
count6_paper6,6,"NODE2,NODE5,NODE16,NODE32,NODE48,NODE64,NODE256",count6_paper6,sparse_uint64,100000,1,0,0,0,0,lookup_success,0.003690000,100000,27.100273,100000,0,286,0,0,257,30142,100000,2060840,2400000,4460840,44.608,2.789,4,28664,1221,0,0,0,257,0,0,45760,0,0,0,530448,17071,12528,682840,801792,17071,12528,286,100000,0
count6_paper6,6,"NODE2,NODE5,NODE16,NODE32,NODE48,NODE64,NODE256",count6_paper6,sparse_uint64,100000,1,0,0,0,0,lookup_absent_early,0.002148001,100000,46.554923,100000,0,286,0,0,257,30142,100000,2060840,2400000,4460840,44.608,2.789,4,28664,1221,0,0,0,257,0,0,45760,0,0,0,530448,17071,12528,682840,801792,17071,12528,286,100000,0
count6_paper6,6,"NODE2,NODE5,NODE16,NODE32,NODE48,NODE64,NODE256",count6_paper6,sparse_uint64,100000,1,0,0,0,0,lookup_absent_late,0.002801999,100000,35.688801,100000,0,286,0,0,257,30142,100000,2060840,2400000,4460840,44.608,2.789,4,28664,1221,0,0,0,257,0,0,45760,0,0,0,530448,17071,12528,682840,801792,17071,12528,286,100000,0
count6_paper6,6,"NODE2,NODE5,NODE16,NODE32,NODE48,NODE64,NODE256",count6_paper6,sparse_uint64,100000,1,0,0,0,0,insert,0.010583000,100000,9.449116,100000,0,286,0,0,257,30142,100000,2060840,2400000,4460840,44.608,2.789,4,28664,1221,0,0,0,257,0,0,45760,0,0,0,530448,17071,12528,682840,801792,17071,12528,286,100000,0
count6_paper6,6,"NODE2,NODE5,NODE16,NODE32,NODE48,NODE64,NODE256",count6_paper6,sparse_uint64,100000,1,0,0,0,0,lookup_success,0.003576000,100000,27.964204,100000,0,286,0,0,257,30142,100000,2060840,2400000,4460840,44.608,2.789,4,28664,1221,0,0,0,257,0,0,45760,0,0,0,530448,17071,12528,682840,801792,17071,12528,286,100000,0
count6_paper6,6,"NODE2,NODE5,NODE16,NODE32,NODE48,NODE64,NODE256",count6_paper6,sparse_uint64,100000,1,0,0,0,0,lookup_absent_early,0.002188000,100000,45.703841,100000,0,286,0,0,257,30142,100000,2060840,2400000,4460840,44.608,2.789,4,28664,1221,0,0,0,257,0,0,45760,0,0,0,530448,17071,12528,682840,801792,17071,12528,286,100000,0
count6_paper6,6,"NODE2,NODE5,NODE16,NODE32,NODE48,NODE64,NODE256",count6_paper6,sparse_uint64,100000,1,0,0,0,0,lookup_absent_late,0.002571001,100000,38.895361,100000,0,286,0,0,257,30142,100000,2060840,2400000,4460840,44.608,2.789,4,28664,1221,0,0,0,257,0,0,45760,0,0,0,530448,17071,12528,682840,801792,17071,12528,286,100000,0
count6_paper6,6,"NODE2,NODE5,NODE16,NODE32,NODE48,NODE64,NODE256",count6_paper6,sparse_uint64,100000,1,0,0,0,0,insert,0.008877001,100000,11.265066,100000,0,286,0,0,257,30142,100000,2060840,2400000,4460840,44.608,2.789,4,28664,1221,0,0,0,257,0,0,45760,0,0,0,530448,17071,12528,682840,801792,17071,12528,286,100000,0
count6_paper6,6,"NODE2,NODE5,NODE16,NODE32,NODE48,NODE64,NODE256",count6_paper6,sparse_uint64,100000,1,0,0,0,0,lookup_success,0.003279000,100000,30.497107,100000,0,286,0,0,257,30142,100000,2060840,2400000,4460840,44.608,2.789,4,28664,1221,0,0,0,257,0,0,45760,0,0,0,530448,17071,12528,682840,801792,17071,12528,286,100000,0
count6_paper6,6,"NODE2,NODE5,NODE16,NODE32,NODE48,NODE64,NODE256",count6_paper6,sparse_uint64,100000,1,0,0,0,0,lookup_absent_early,0.001996000,100000,50.100193,100000,0,286,0,0,257,30142,100000,2060840,2400000,4460840,44.608,2.789,4,28664,1221,0,0,0,257,0,0,45760,0,0,0,530448,17071,12528,682840,801792,17071,12528,286,100000,0
count6_paper6,6,"NODE2,NODE5,NODE16,NODE32,NODE48,NODE64,NODE256",count6_paper6,sparse_uint64,100000,1,0,0,0,0,lookup_absent_late,0.002831000,100000,35.323209,100000,0,286,0,0,257,30142,100000,2060840,2400000,4460840,44.608,2.789,4,28664,1221,0,0,0,257,0,0,45760,0,0,0,530448,17071,12528,682840,801792,17071,12528,286,100000,0
count6_paper6,6,"NODE2,NODE5,NODE16,NODE32,NODE48,NODE64,NODE256",count6_paper6,sparse_uint64,1000000,1,0,0,0,0,insert,0.317040000,1000000,3.154176,1000000,0,44674,20689,0,257,94318,1000000,15135104,24000000,39135104,39.135,3.058,6,28581,44789,20689,2,0,257,2,0,7147840,6289456,0,1568,530448,27948,748,1117920,47872,27948,748,44674,1000000,0
count6_paper6,6,"NODE2,NODE5,NODE16,NODE32,NODE48,NODE64,NODE256",count6_paper6,sparse_uint64,1000000,1,0,0,0,0,lookup_success,0.139995000,1000000,7.143112,1000000,0,44674,20689,0,257,94318,1000000,15135104,24000000,39135104,39.135,3.058,6,28581,44789,20689,2,0,257,2,0,7147840,6289456,0,1568,530448,27948,748,1117920,47872,27948,748,44674,1000000,0
count6_paper6,6,"NODE2,NODE5,NODE16,NODE32,NODE48,NODE64,NODE256",count6_paper6,sparse_uint64,1000000,1,0,0,0,0,lookup_absent_early,0.036305999,1000000,27.543657,1000000,0,44674,20689,0,257,94318,1000000,15135104,24000000,39135104,39.135,3.058,6,28581,44789,20689,2,0,257,2,0,7147840,6289456,0,1568,530448,27948,748,1117920,47872,27948,748,44674,1000000,0
count6_paper6,6,"NODE2,NODE5,NODE16,NODE32,NODE48,NODE64,NODE256",count6_paper6,sparse_uint64,1000000,1,0,0,0,0,lookup_absent_late,0.071043001,1000000,14.075982,1000000,0,44674,20689,0,257,94318,1000000,15135104,24000000,39135104,39.135,3.058,6,28581,44789,20689,2,0,257,2,0,7147840,6289456,0,1568,530448,27948,748,1117920,47872,27948,748,44674,1000000,0
count6_paper6,6,"NODE2,NODE5,NODE16,NODE32,NODE48,NODE64,NODE256",count6_paper6,sparse_uint64,1000000,1,0,0,0,0,insert,0.315391000,1000000,3.170668,1000000,0,44674,20689,0,257,94318,1000000,15135104,24000000,39135104,39.135,3.058,6,28581,44789,20689,2,0,257,2,0,7147840,6289456,0,1568,530448,27948,748,1117920,47872,27948,748,44674,1000000,0
count6_paper6,6,"NODE2,NODE5,NODE16,NODE32,NODE48,NODE64,NODE256",count6_paper6,sparse_uint64,1000000,1,0,0,0,0,lookup_success,0.137050000,1000000,7.296607,1000000,0,44674,20689,0,257,94318,1000000,15135104,24000000,39135104,39.135,3.058,6,28581,44789,20689,2,0,257,2,0,7147840,6289456,0,1568,530448,27948,748,1117920,47872,27948,748,44674,1000000,0
count6_paper6,6,"NODE2,NODE5,NODE16,NODE32,NODE48,NODE64,NODE256",count6_paper6,sparse_uint64,1000000,1,0,0,0,0,lookup_absent_early,0.034727000,1000000,28.796038,1000000,0,44674,20689,0,257,94318,1000000,15135104,24000000,39135104,39.135,3.058,6,28581,44789,20689,2,0,257,2,0,7147840,6289456,0,1568,530448,27948,748,1117920,47872,27948,748,44674,1000000,0
count6_paper6,6,"NODE2,NODE5,NODE16,NODE32,NODE48,NODE64,NODE256",count6_paper6,sparse_uint64,1000000,1,0,0,0,0,lookup_absent_late,0.069309000,1000000,14.428141,1000000,0,44674,20689,0,257,94318,1000000,15135104,24000000,39135104,39.135,3.058,6,28581,44789,20689,2,0,257,2,0,7147840,6289456,0,1568,530448,27948,748,1117920,47872,27948,748,44674,1000000,0
count6_paper6,6,"NODE2,NODE5,NODE16,NODE32,NODE48,NODE64,NODE256",count6_paper6,sparse_uint64,1000000,1,0,0,0,0,insert,0.312131000,1000000,3.203783,1000000,0,44674,20689,0,257,94318,1000000,15135104,24000000,39135104,39.135,3.058,6,28581,44789,20689,2,0,257,2,0,7147840,6289456,0,1568,530448,27948,748,1117920,47872,27948,748,44674,1000000,0
count6_paper6,6,"NODE2,NODE5,NODE16,NODE32,NODE48,NODE64,NODE256",count6_paper6,sparse_uint64,1000000,1,0,0,0,0,lookup_success,0.137767000,1000000,7.258632,1000000,0,44674,20689,0,257,94318,1000000,15135104,24000000,39135104,39.135,3.058,6,28581,44789,20689,2,0,257,2,0,7147840,6289456,0,1568,530448,27948,748,1117920,47872,27948,748,44674,1000000,0
count6_paper6,6,"NODE2,NODE5,NODE16,NODE32,NODE48,NODE64,NODE256",count6_paper6,sparse_uint64,1000000,1,0,0,0,0,lookup_absent_early,0.036226000,1000000,27.604483,1000000,0,44674,20689,0,257,94318,1000000,15135104,24000000,39135104,39.135,3.058,6,28581,44789,20689,2,0,257,2,0,7147840,6289456,0,1568,530448,27948,748,1117920,47872,27948,748,44674,1000000,0
count6_paper6,6,"NODE2,NODE5,NODE16,NODE32,NODE48,NODE64,NODE256",count6_paper6,sparse_uint64,1000000,1,0,0,0,0,lookup_absent_late,0.069177000,1000000,14.455672,1000000,0,44674,20689,0,257,94318,1000000,15135104,24000000,39135104,39.135,3.058,6,28581,44789,20689,2,0,257,2,0,7147840,6289456,0,1568,530448,27948,748,1117920,47872,27948,748,44674,1000000,0
count6_paper6,6,"NODE2,NODE5,NODE16,NODE32,NODE48,NODE64,NODE256",count6_paper6,controlled_fanout,100000,1,10,10000,0,0,insert,0.011608000,100000,8.614749,100000,0,10001,0,0,39,10041,100000,1681440,2200000,3881440,38.814,5.000,5,0,10001,0,1,0,39,1,0,1600160,0,0,784,80496,0,0,0,0,0,0,10001,100000,0
count6_paper6,6,"NODE2,NODE5,NODE16,NODE32,NODE48,NODE64,NODE256",count6_paper6,controlled_fanout,100000,1,10,10000,0,0,lookup_success,0.002130000,100000,46.948359,100000,0,10001,0,0,39,10041,100000,1681440,2200000,3881440,38.814,5.000,5,0,10001,0,1,0,39,1,0,1600160,0,0,784,80496,0,0,0,0,0,0,10001,100000,0
count6_paper6,6,"NODE2,NODE5,NODE16,NODE32,NODE48,NODE64,NODE256",count6_paper6,controlled_fanout,100000,1,10,10000,0,0,lookup_absent_early,0.002052000,100000,48.732948,100000,0,10001,0,0,39,10041,100000,1681440,2200000,3881440,38.814,5.000,5,0,10001,0,1,0,39,1,0,1600160,0,0,784,80496,0,0,0,0,0,0,10001,100000,0
count6_paper6,6,"NODE2,NODE5,NODE16,NODE32,NODE48,NODE64,NODE256",count6_paper6,controlled_fanout,100000,1,10,10000,0,0,lookup_absent_late,0.001518000,100000,65.876156,100000,0,10001,0,0,39,10041,100000,1681440,2200000,3881440,38.814,5.000,5,0,10001,0,1,0,39,1,0,1600160,0,0,784,80496,0,0,0,0,0,0,10001,100000,0
count6_paper6,6,"NODE2,NODE5,NODE16,NODE32,NODE48,NODE64,NODE256",count6_paper6,controlled_fanout,100000,1,10,10000,0,0,insert,0.010522000,100000,9.503896,100000,0,10001,0,0,39,10041,100000,1681440,2200000,3881440,38.814,5.000,5,0,10001,0,1,0,39,1,0,1600160,0,0,784,80496,0,0,0,0,0,0,10001,100000,0
count6_paper6,6,"NODE2,NODE5,NODE16,NODE32,NODE48,NODE64,NODE256",count6_paper6,controlled_fanout,100000,1,10,10000,0,0,lookup_success,0.002102000,100000,47.573746,100000,0,10001,0,0,39,10041,100000,1681440,2200000,3881440,38.814,5.000,5,0,10001,0,1,0,39,1,0,1600160,0,0,784,80496,0,0,0,0,0,0,10001,100000,0
count6_paper6,6,"NODE2,NODE5,NODE16,NODE32,NODE48,NODE64,NODE256",count6_paper6,controlled_fanout,100000,1,10,10000,0,0,lookup_absent_early,0.002237001,100000,44.702717,100000,0,10001,0,0,39,10041,100000,1681440,2200000,3881440,38.814,5.000,5,0,10001,0,1,0,39,1,0,1600160,0,0,784,80496,0,0,0,0,0,0,10001,100000,0
count6_paper6,6,"NODE2,NODE5,NODE16,NODE32,NODE48,NODE64,NODE256",count6_paper6,controlled_fanout,100000,1,10,10000,0,0,lookup_absent_late,0.001420000,100000,70.422553,100000,0,10001,0,0,39,10041,100000,1681440,2200000,3881440,38.814,5.000,5,0,10001,0,1,0,39,1,0,1600160,0,0,784,80496,0,0,0,0,0,0,10001,100000,0
count6_paper6,6,"NODE2,NODE5,NODE16,NODE32,NODE48,NODE64,NODE256",count6_paper6,controlled_fanout,100000,1,10,10000,0,0,insert,0.010651000,100000,9.388790,100000,0,10001,0,0,39,10041,100000,1681440,2200000,3881440,38.814,5.000,5,0,10001,0,1,0,39,1,0,1600160,0,0,784,80496,0,0,0,0,0,0,10001,100000,0
count6_paper6,6,"NODE2,NODE5,NODE16,NODE32,NODE48,NODE64,NODE256",count6_paper6,controlled_fanout,100000,1,10,10000,0,0,lookup_success,0.002183000,100000,45.808528,100000,0,10001,0,0,39,10041,100000,1681440,2200000,3881440,38.814,5.000,5,0,10001,0,1,0,39,1,0,1600160,0,0,784,80496,0,0,0,0,0,0,10001,100000,0
count6_paper6,6,"NODE2,NODE5,NODE16,NODE32,NODE48,NODE64,NODE256",count6_paper6,controlled_fanout,100000,1,10,10000,0,0,lookup_absent_early,0.001833000,100000,54.555367,100000,0,10001,0,0,39,10041,100000,1681440,2200000,3881440,38.814,5.000,5,0,10001,0,1,0,39,1,0,1600160,0,0,784,80496,0,0,0,0,0,0,10001,100000,0
count6_paper6,6,"NODE2,NODE5,NODE16,NODE32,NODE48,NODE64,NODE256",count6_paper6,controlled_fanout,100000,1,10,10000,0,0,lookup_absent_late,0.001700000,100000,58.823533,100000,0,10001,0,0,39,10041,100000,1681440,2200000,3881440,38.814,5.000,5,0,10001,0,1,0,39,1,0,1600160,0,0,784,80496,0,0,0,0,0,0,10001,100000,0
count6_paper6,6,"NODE2,NODE5,NODE16,NODE32,NODE48,NODE64,NODE256",count6_paper6,controlled_fanout,160000,1,16,10000,0,0,insert,0.019021001,160000,8.411755,160000,0,10001,0,0,39,10041,160000,1681440,3520000,5201440,32.509,5.000,5,0,10001,0,1,0,39,1,0,1600160,0,0,784,80496,0,0,0,0,0,0,10001,160000,0
count6_paper6,6,"NODE2,NODE5,NODE16,NODE32,NODE48,NODE64,NODE256",count6_paper6,controlled_fanout,160000,1,16,10000,0,0,lookup_success,0.005041000,160000,31.739731,160000,0,10001,0,0,39,10041,160000,1681440,3520000,5201440,32.509,5.000,5,0,10001,0,1,0,39,1,0,1600160,0,0,784,80496,0,0,0,0,0,0,10001,160000,0
count6_paper6,6,"NODE2,NODE5,NODE16,NODE32,NODE48,NODE64,NODE256",count6_paper6,controlled_fanout,160000,1,16,10000,0,0,lookup_absent_early,0.004353000,160000,36.756261,160000,0,10001,0,0,39,10041,160000,1681440,3520000,5201440,32.509,5.000,5,0,10001,0,1,0,39,1,0,1600160,0,0,784,80496,0,0,0,0,0,0,10001,160000,0
count6_paper6,6,"NODE2,NODE5,NODE16,NODE32,NODE48,NODE64,NODE256",count6_paper6,controlled_fanout,160000,1,16,10000,0,0,lookup_absent_late,0.003033000,160000,52.753049,160000,0,10001,0,0,39,10041,160000,1681440,3520000,5201440,32.509,5.000,5,0,10001,0,1,0,39,1,0,1600160,0,0,784,80496,0,0,0,0,0,0,10001,160000,0
count6_paper6,6,"NODE2,NODE5,NODE16,NODE32,NODE48,NODE64,NODE256",count6_paper6,controlled_fanout,160000,1,16,10000,0,0,insert,0.017527999,160000,9.128252,160000,0,10001,0,0,39,10041,160000,1681440,3520000,5201440,32.509,5.000,5,0,10001,0,1,0,39,1,0,1600160,0,0,784,80496,0,0,0,0,0,0,10001,160000,0
count6_paper6,6,"NODE2,NODE5,NODE16,NODE32,NODE48,NODE64,NODE256",count6_paper6,controlled_fanout,160000,1,16,10000,0,0,lookup_success,0.003754000,160000,42.621202,160000,0,10001,0,0,39,10041,160000,1681440,3520000,5201440,32.509,5.000,5,0,10001,0,1,0,39,1,0,1600160,0,0,784,80496,0,0,0,0,0,0,10001,160000,0
count6_paper6,6,"NODE2,NODE5,NODE16,NODE32,NODE48,NODE64,NODE256",count6_paper6,controlled_fanout,160000,1,16,10000,0,0,lookup_absent_early,0.003090001,160000,51.779923,160000,0,10001,0,0,39,10041,160000,1681440,3520000,5201440,32.509,5.000,5,0,10001,0,1,0,39,1,0,1600160,0,0,784,80496,0,0,0,0,0,0,10001,160000,0
count6_paper6,6,"NODE2,NODE5,NODE16,NODE32,NODE48,NODE64,NODE256",count6_paper6,controlled_fanout,160000,1,16,10000,0,0,lookup_absent_late,0.002859000,160000,55.963621,160000,0,10001,0,0,39,10041,160000,1681440,3520000,5201440,32.509,5.000,5,0,10001,0,1,0,39,1,0,1600160,0,0,784,80496,0,0,0,0,0,0,10001,160000,0
count6_paper6,6,"NODE2,NODE5,NODE16,NODE32,NODE48,NODE64,NODE256",count6_paper6,controlled_fanout,160000,1,16,10000,0,0,insert,0.015749000,160000,10.159375,160000,0,10001,0,0,39,10041,160000,1681440,3520000,5201440,32.509,5.000,5,0,10001,0,1,0,39,1,0,1600160,0,0,784,80496,0,0,0,0,0,0,10001,160000,0
count6_paper6,6,"NODE2,NODE5,NODE16,NODE32,NODE48,NODE64,NODE256",count6_paper6,controlled_fanout,160000,1,16,10000,0,0,lookup_success,0.005694000,160000,28.099754,160000,0,10001,0,0,39,10041,160000,1681440,3520000,5201440,32.509,5.000,5,0,10001,0,1,0,39,1,0,1600160,0,0,784,80496,0,0,0,0,0,0,10001,160000,0
count6_paper6,6,"NODE2,NODE5,NODE16,NODE32,NODE48,NODE64,NODE256",count6_paper6,controlled_fanout,160000,1,16,10000,0,0,lookup_absent_early,0.004160000,160000,38.461538,160000,0,10001,0,0,39,10041,160000,1681440,3520000,5201440,32.509,5.000,5,0,10001,0,1,0,39,1,0,1600160,0,0,784,80496,0,0,0,0,0,0,10001,160000,0
count6_paper6,6,"NODE2,NODE5,NODE16,NODE32,NODE48,NODE64,NODE256",count6_paper6,controlled_fanout,160000,1,16,10000,0,0,lookup_absent_late,0.002625000,160000,60.952387,160000,0,10001,0,0,39,10041,160000,1681440,3520000,5201440,32.509,5.000,5,0,10001,0,1,0,39,1,0,1600160,0,0,784,80496,0,0,0,0,0,0,10001,160000,0
count6_paper6,6,"NODE2,NODE5,NODE16,NODE32,NODE48,NODE64,NODE256",count6_paper6,controlled_fanout,320000,1,32,10000,0,0,insert,0.062774000,320000,5.097652,320000,0,1,10000,0,39,10041,320000,3121440,7040000,10161440,31.755,5.000,5,0,1,10000,1,0,39,1,0,160,3040000,0,784,80496,0,0,0,0,0,0,1,320000,0
count6_paper6,6,"NODE2,NODE5,NODE16,NODE32,NODE48,NODE64,NODE256",count6_paper6,controlled_fanout,320000,1,32,10000,0,0,lookup_success,0.016375000,320000,19.541985,320000,0,1,10000,0,39,10041,320000,3121440,7040000,10161440,31.755,5.000,5,0,1,10000,1,0,39,1,0,160,3040000,0,784,80496,0,0,0,0,0,0,1,320000,0
count6_paper6,6,"NODE2,NODE5,NODE16,NODE32,NODE48,NODE64,NODE256",count6_paper6,controlled_fanout,320000,1,32,10000,0,0,lookup_absent_early,0.011461000,320000,27.920775,320000,0,1,10000,0,39,10041,320000,3121440,7040000,10161440,31.755,5.000,5,0,1,10000,1,0,39,1,0,160,3040000,0,784,80496,0,0,0,0,0,0,1,320000,0
count6_paper6,6,"NODE2,NODE5,NODE16,NODE32,NODE48,NODE64,NODE256",count6_paper6,controlled_fanout,320000,1,32,10000,0,0,lookup_absent_late,0.006755000,320000,47.372317,320000,0,1,10000,0,39,10041,320000,3121440,7040000,10161440,31.755,5.000,5,0,1,10000,1,0,39,1,0,160,3040000,0,784,80496,0,0,0,0,0,0,1,320000,0
count6_paper6,6,"NODE2,NODE5,NODE16,NODE32,NODE48,NODE64,NODE256",count6_paper6,controlled_fanout,320000,1,32,10000,0,0,insert,0.055464000,320000,5.769508,320000,0,1,10000,0,39,10041,320000,3121440,7040000,10161440,31.755,5.000,5,0,1,10000,1,0,39,1,0,160,3040000,0,784,80496,0,0,0,0,0,0,1,320000,0
count6_paper6,6,"NODE2,NODE5,NODE16,NODE32,NODE48,NODE64,NODE256",count6_paper6,controlled_fanout,320000,1,32,10000,0,0,lookup_success,0.014943999,320000,21.413277,320000,0,1,10000,0,39,10041,320000,3121440,7040000,10161440,31.755,5.000,5,0,1,10000,1,0,39,1,0,160,3040000,0,784,80496,0,0,0,0,0,0,1,320000,0
count6_paper6,6,"NODE2,NODE5,NODE16,NODE32,NODE48,NODE64,NODE256",count6_paper6,controlled_fanout,320000,1,32,10000,0,0,lookup_absent_early,0.011047999,320000,28.964520,320000,0,1,10000,0,39,10041,320000,3121440,7040000,10161440,31.755,5.000,5,0,1,10000,1,0,39,1,0,160,3040000,0,784,80496,0,0,0,0,0,0,1,320000,0
count6_paper6,6,"NODE2,NODE5,NODE16,NODE32,NODE48,NODE64,NODE256",count6_paper6,controlled_fanout,320000,1,32,10000,0,0,lookup_absent_late,0.006566000,320000,48.735911,320000,0,1,10000,0,39,10041,320000,3121440,7040000,10161440,31.755,5.000,5,0,1,10000,1,0,39,1,0,160,3040000,0,784,80496,0,0,0,0,0,0,1,320000,0
count6_paper6,6,"NODE2,NODE5,NODE16,NODE32,NODE48,NODE64,NODE256",count6_paper6,controlled_fanout,320000,1,32,10000,0,0,insert,0.050493000,320000,6.337512,320000,0,1,10000,0,39,10041,320000,3121440,7040000,10161440,31.755,5.000,5,0,1,10000,1,0,39,1,0,160,3040000,0,784,80496,0,0,0,0,0,0,1,320000,0
count6_paper6,6,"NODE2,NODE5,NODE16,NODE32,NODE48,NODE64,NODE256",count6_paper6,controlled_fanout,320000,1,32,10000,0,0,lookup_success,0.017414000,320000,18.376019,320000,0,1,10000,0,39,10041,320000,3121440,7040000,10161440,31.755,5.000,5,0,1,10000,1,0,39,1,0,160,3040000,0,784,80496,0,0,0,0,0,0,1,320000,0
count6_paper6,6,"NODE2,NODE5,NODE16,NODE32,NODE48,NODE64,NODE256",count6_paper6,controlled_fanout,320000,1,32,10000,0,0,lookup_absent_early,0.011958000,320000,26.760327,320000,0,1,10000,0,39,10041,320000,3121440,7040000,10161440,31.755,5.000,5,0,1,10000,1,0,39,1,0,160,3040000,0,784,80496,0,0,0,0,0,0,1,320000,0
count6_paper6,6,"NODE2,NODE5,NODE16,NODE32,NODE48,NODE64,NODE256",count6_paper6,controlled_fanout,320000,1,32,10000,0,0,lookup_absent_late,0.006658000,320000,48.062482,320000,0,1,10000,0,39,10041,320000,3121440,7040000,10161440,31.755,5.000,5,0,1,10000,1,0,39,1,0,160,3040000,0,784,80496,0,0,0,0,0,0,1,320000,0
count7_2_5_16_32_48_64_256,7,"NODE2,NODE5,NODE16,NODE32,NODE48,NODE64,NODE256",count7_2_5_16_32_48_64_256,dense_uint64,100000,1,0,0,0,0,insert,0.005200000,100000,19.230767,100000,0,0,0,0,393,394,100000,811192,2400000,3211192,32.112,8.000,8,1,0,0,0,0,393,0,0,0,0,0,0,811152,1,0,40,0,1,0,0,100000,0
count7_2_5_16_32_48_64_256,7,"NODE2,NODE5,NODE16,NODE32,NODE48,NODE64,NODE256",count7_2_5_16_32_48_64_256,dense_uint64,100000,1,0,0,0,0,lookup_success,0.001820000,100000,54.945058,100000,0,0,0,0,393,394,100000,811192,2400000,3211192,32.112,8.000,8,1,0,0,0,0,393,0,0,0,0,0,0,811152,1,0,40,0,1,0,0,100000,0
count7_2_5_16_32_48_64_256,7,"NODE2,NODE5,NODE16,NODE32,NODE48,NODE64,NODE256",count7_2_5_16_32_48_64_256,dense_uint64,100000,1,0,0,0,0,lookup_absent_early,0.000685000,100000,145.985431,100000,0,0,0,0,393,394,100000,811192,2400000,3211192,32.112,8.000,8,1,0,0,0,0,393,0,0,0,0,0,0,811152,1,0,40,0,1,0,0,100000,0
count7_2_5_16_32_48_64_256,7,"NODE2,NODE5,NODE16,NODE32,NODE48,NODE64,NODE256",count7_2_5_16_32_48_64_256,dense_uint64,100000,1,0,0,0,0,lookup_absent_late,0.001231000,100000,81.234780,100000,0,0,0,0,393,394,100000,811192,2400000,3211192,32.112,8.000,8,1,0,0,0,0,393,0,0,0,0,0,0,811152,1,0,40,0,1,0,0,100000,0
count7_2_5_16_32_48_64_256,7,"NODE2,NODE5,NODE16,NODE32,NODE48,NODE64,NODE256",count7_2_5_16_32_48_64_256,dense_uint64,100000,1,0,0,0,0,insert,0.006666000,100000,15.001500,100000,0,0,0,0,393,394,100000,811192,2400000,3211192,32.112,8.000,8,1,0,0,0,0,393,0,0,0,0,0,0,811152,1,0,40,0,1,0,0,100000,0
count7_2_5_16_32_48_64_256,7,"NODE2,NODE5,NODE16,NODE32,NODE48,NODE64,NODE256",count7_2_5_16_32_48_64_256,dense_uint64,100000,1,0,0,0,0,lookup_success,0.002077000,100000,48.146360,100000,0,0,0,0,393,394,100000,811192,2400000,3211192,32.112,8.000,8,1,0,0,0,0,393,0,0,0,0,0,0,811152,1,0,40,0,1,0,0,100000,0
count7_2_5_16_32_48_64_256,7,"NODE2,NODE5,NODE16,NODE32,NODE48,NODE64,NODE256",count7_2_5_16_32_48_64_256,dense_uint64,100000,1,0,0,0,0,lookup_absent_early,0.000641000,100000,156.006356,100000,0,0,0,0,393,394,100000,811192,2400000,3211192,32.112,8.000,8,1,0,0,0,0,393,0,0,0,0,0,0,811152,1,0,40,0,1,0,0,100000,0
count7_2_5_16_32_48_64_256,7,"NODE2,NODE5,NODE16,NODE32,NODE48,NODE64,NODE256",count7_2_5_16_32_48_64_256,dense_uint64,100000,1,0,0,0,0,lookup_absent_late,0.001414000,100000,70.721355,100000,0,0,0,0,393,394,100000,811192,2400000,3211192,32.112,8.000,8,1,0,0,0,0,393,0,0,0,0,0,0,811152,1,0,40,0,1,0,0,100000,0
count7_2_5_16_32_48_64_256,7,"NODE2,NODE5,NODE16,NODE32,NODE48,NODE64,NODE256",count7_2_5_16_32_48_64_256,dense_uint64,100000,1,0,0,0,0,insert,0.007126000,100000,14.033119,100000,0,0,0,0,393,394,100000,811192,2400000,3211192,32.112,8.000,8,1,0,0,0,0,393,0,0,0,0,0,0,811152,1,0,40,0,1,0,0,100000,0
count7_2_5_16_32_48_64_256,7,"NODE2,NODE5,NODE16,NODE32,NODE48,NODE64,NODE256",count7_2_5_16_32_48_64_256,dense_uint64,100000,1,0,0,0,0,lookup_success,0.002226001,100000,44.923617,100000,0,0,0,0,393,394,100000,811192,2400000,3211192,32.112,8.000,8,1,0,0,0,0,393,0,0,0,0,0,0,811152,1,0,40,0,1,0,0,100000,0
count7_2_5_16_32_48_64_256,7,"NODE2,NODE5,NODE16,NODE32,NODE48,NODE64,NODE256",count7_2_5_16_32_48_64_256,dense_uint64,100000,1,0,0,0,0,lookup_absent_early,0.000626000,100000,159.744500,100000,0,0,0,0,393,394,100000,811192,2400000,3211192,32.112,8.000,8,1,0,0,0,0,393,0,0,0,0,0,0,811152,1,0,40,0,1,0,0,100000,0
count7_2_5_16_32_48_64_256,7,"NODE2,NODE5,NODE16,NODE32,NODE48,NODE64,NODE256",count7_2_5_16_32_48_64_256,dense_uint64,100000,1,0,0,0,0,lookup_absent_late,0.001486001,100000,67.294724,100000,0,0,0,0,393,394,100000,811192,2400000,3211192,32.112,8.000,8,1,0,0,0,0,393,0,0,0,0,0,0,811152,1,0,40,0,1,0,0,100000,0
count7_2_5_16_32_48_64_256,7,"NODE2,NODE5,NODE16,NODE32,NODE48,NODE64,NODE256",count7_2_5_16_32_48_64_256,dense_uint64,1000000,1,0,0,0,0,insert,0.188998001,1000000,5.291061,1000000,0,1,0,0,3922,3924,1000000,8095952,24000000,32095952,32.096,8.000,8,0,1,0,0,1,3922,1,0,160,0,0,784,8095008,0,0,0,0,0,0,1,1000000,0
count7_2_5_16_32_48_64_256,7,"NODE2,NODE5,NODE16,NODE32,NODE48,NODE64,NODE256",count7_2_5_16_32_48_64_256,dense_uint64,1000000,1,0,0,0,0,lookup_success,0.105841001,1000000,9.448134,1000000,0,1,0,0,3922,3924,1000000,8095952,24000000,32095952,32.096,8.000,8,0,1,0,0,1,3922,1,0,160,0,0,784,8095008,0,0,0,0,0,0,1,1000000,0
count7_2_5_16_32_48_64_256,7,"NODE2,NODE5,NODE16,NODE32,NODE48,NODE64,NODE256",count7_2_5_16_32_48_64_256,dense_uint64,1000000,1,0,0,0,0,lookup_absent_early,0.006965000,1000000,143.575014,1000000,0,1,0,0,3922,3924,1000000,8095952,24000000,32095952,32.096,8.000,8,0,1,0,0,1,3922,1,0,160,0,0,784,8095008,0,0,0,0,0,0,1,1000000,0
count7_2_5_16_32_48_64_256,7,"NODE2,NODE5,NODE16,NODE32,NODE48,NODE64,NODE256",count7_2_5_16_32_48_64_256,dense_uint64,1000000,1,0,0,0,0,lookup_absent_late,0.023216000,1000000,43.073743,1000000,0,1,0,0,3922,3924,1000000,8095952,24000000,32095952,32.096,8.000,8,0,1,0,0,1,3922,1,0,160,0,0,784,8095008,0,0,0,0,0,0,1,1000000,0
count7_2_5_16_32_48_64_256,7,"NODE2,NODE5,NODE16,NODE32,NODE48,NODE64,NODE256",count7_2_5_16_32_48_64_256,dense_uint64,1000000,1,0,0,0,0,insert,0.187711000,1000000,5.327338,1000000,0,1,0,0,3922,3924,1000000,8095952,24000000,32095952,32.096,8.000,8,0,1,0,0,1,3922,1,0,160,0,0,784,8095008,0,0,0,0,0,0,1,1000000,0
count7_2_5_16_32_48_64_256,7,"NODE2,NODE5,NODE16,NODE32,NODE48,NODE64,NODE256",count7_2_5_16_32_48_64_256,dense_uint64,1000000,1,0,0,0,0,lookup_success,0.104621000,1000000,9.558311,1000000,0,1,0,0,3922,3924,1000000,8095952,24000000,32095952,32.096,8.000,8,0,1,0,0,1,3922,1,0,160,0,0,784,8095008,0,0,0,0,0,0,1,1000000,0
count7_2_5_16_32_48_64_256,7,"NODE2,NODE5,NODE16,NODE32,NODE48,NODE64,NODE256",count7_2_5_16_32_48_64_256,dense_uint64,1000000,1,0,0,0,0,lookup_absent_early,0.006926000,1000000,144.383480,1000000,0,1,0,0,3922,3924,1000000,8095952,24000000,32095952,32.096,8.000,8,0,1,0,0,1,3922,1,0,160,0,0,784,8095008,0,0,0,0,0,0,1,1000000,0
count7_2_5_16_32_48_64_256,7,"NODE2,NODE5,NODE16,NODE32,NODE48,NODE64,NODE256",count7_2_5_16_32_48_64_256,dense_uint64,1000000,1,0,0,0,0,lookup_absent_late,0.022471000,1000000,44.501801,1000000,0,1,0,0,3922,3924,1000000,8095952,24000000,32095952,32.096,8.000,8,0,1,0,0,1,3922,1,0,160,0,0,784,8095008,0,0,0,0,0,0,1,1000000,0
count7_2_5_16_32_48_64_256,7,"NODE2,NODE5,NODE16,NODE32,NODE48,NODE64,NODE256",count7_2_5_16_32_48_64_256,dense_uint64,1000000,1,0,0,0,0,insert,0.211700000,1000000,4.723666,1000000,0,1,0,0,3922,3924,1000000,8095952,24000000,32095952,32.096,8.000,8,0,1,0,0,1,3922,1,0,160,0,0,784,8095008,0,0,0,0,0,0,1,1000000,0
count7_2_5_16_32_48_64_256,7,"NODE2,NODE5,NODE16,NODE32,NODE48,NODE64,NODE256",count7_2_5_16_32_48_64_256,dense_uint64,1000000,1,0,0,0,0,lookup_success,0.104966001,1000000,9.526894,1000000,0,1,0,0,3922,3924,1000000,8095952,24000000,32095952,32.096,8.000,8,0,1,0,0,1,3922,1,0,160,0,0,784,8095008,0,0,0,0,0,0,1,1000000,0
count7_2_5_16_32_48_64_256,7,"NODE2,NODE5,NODE16,NODE32,NODE48,NODE64,NODE256",count7_2_5_16_32_48_64_256,dense_uint64,1000000,1,0,0,0,0,lookup_absent_early,0.006757000,1000000,147.994662,1000000,0,1,0,0,3922,3924,1000000,8095952,24000000,32095952,32.096,8.000,8,0,1,0,0,1,3922,1,0,160,0,0,784,8095008,0,0,0,0,0,0,1,1000000,0
count7_2_5_16_32_48_64_256,7,"NODE2,NODE5,NODE16,NODE32,NODE48,NODE64,NODE256",count7_2_5_16_32_48_64_256,dense_uint64,1000000,1,0,0,0,0,lookup_absent_late,0.023158000,1000000,43.181622,1000000,0,1,0,0,3922,3924,1000000,8095952,24000000,32095952,32.096,8.000,8,0,1,0,0,1,3922,1,0,160,0,0,784,8095008,0,0,0,0,0,0,1,1000000,0
count7_2_5_16_32_48_64_256,7,"NODE2,NODE5,NODE16,NODE32,NODE48,NODE64,NODE256",count7_2_5_16_32_48_64_256,sparse_uint64,100000,1,0,0,0,0,insert,0.010093000,100000,9.907857,100000,0,286,0,0,257,30142,100000,2060840,2400000,4460840,44.608,2.789,4,28664,1221,0,0,0,257,0,0,45760,0,0,0,530448,17071,12528,682840,801792,17071,12528,286,100000,0
count7_2_5_16_32_48_64_256,7,"NODE2,NODE5,NODE16,NODE32,NODE48,NODE64,NODE256",count7_2_5_16_32_48_64_256,sparse_uint64,100000,1,0,0,0,0,lookup_success,0.003603000,100000,27.754647,100000,0,286,0,0,257,30142,100000,2060840,2400000,4460840,44.608,2.789,4,28664,1221,0,0,0,257,0,0,45760,0,0,0,530448,17071,12528,682840,801792,17071,12528,286,100000,0
count7_2_5_16_32_48_64_256,7,"NODE2,NODE5,NODE16,NODE32,NODE48,NODE64,NODE256",count7_2_5_16_32_48_64_256,sparse_uint64,100000,1,0,0,0,0,lookup_absent_early,0.002169000,100000,46.104196,100000,0,286,0,0,257,30142,100000,2060840,2400000,4460840,44.608,2.789,4,28664,1221,0,0,0,257,0,0,45760,0,0,0,530448,17071,12528,682840,801792,17071,12528,286,100000,0
count7_2_5_16_32_48_64_256,7,"NODE2,NODE5,NODE16,NODE32,NODE48,NODE64,NODE256",count7_2_5_16_32_48_64_256,sparse_uint64,100000,1,0,0,0,0,lookup_absent_late,0.002406000,100000,41.562757,100000,0,286,0,0,257,30142,100000,2060840,2400000,4460840,44.608,2.789,4,28664,1221,0,0,0,257,0,0,45760,0,0,0,530448,17071,12528,682840,801792,17071,12528,286,100000,0
count7_2_5_16_32_48_64_256,7,"NODE2,NODE5,NODE16,NODE32,NODE48,NODE64,NODE256",count7_2_5_16_32_48_64_256,sparse_uint64,100000,1,0,0,0,0,insert,0.008916000,100000,11.215792,100000,0,286,0,0,257,30142,100000,2060840,2400000,4460840,44.608,2.789,4,28664,1221,0,0,0,257,0,0,45760,0,0,0,530448,17071,12528,682840,801792,17071,12528,286,100000,0
count7_2_5_16_32_48_64_256,7,"NODE2,NODE5,NODE16,NODE32,NODE48,NODE64,NODE256",count7_2_5_16_32_48_64_256,sparse_uint64,100000,1,0,0,0,0,lookup_success,0.003206000,100000,31.191519,100000,0,286,0,0,257,30142,100000,2060840,2400000,4460840,44.608,2.789,4,28664,1221,0,0,0,257,0,0,45760,0,0,0,530448,17071,12528,682840,801792,17071,12528,286,100000,0
count7_2_5_16_32_48_64_256,7,"NODE2,NODE5,NODE16,NODE32,NODE48,NODE64,NODE256",count7_2_5_16_32_48_64_256,sparse_uint64,100000,1,0,0,0,0,lookup_absent_early,0.002155000,100000,46.403705,100000,0,286,0,0,257,30142,100000,2060840,2400000,4460840,44.608,2.789,4,28664,1221,0,0,0,257,0,0,45760,0,0,0,530448,17071,12528,682840,801792,17071,12528,286,100000,0
count7_2_5_16_32_48_64_256,7,"NODE2,NODE5,NODE16,NODE32,NODE48,NODE64,NODE256",count7_2_5_16_32_48_64_256,sparse_uint64,100000,1,0,0,0,0,lookup_absent_late,0.002694000,100000,37.119518,100000,0,286,0,0,257,30142,100000,2060840,2400000,4460840,44.608,2.789,4,28664,1221,0,0,0,257,0,0,45760,0,0,0,530448,17071,12528,682840,801792,17071,12528,286,100000,0
count7_2_5_16_32_48_64_256,7,"NODE2,NODE5,NODE16,NODE32,NODE48,NODE64,NODE256",count7_2_5_16_32_48_64_256,sparse_uint64,100000,1,0,0,0,0,insert,0.009472000,100000,10.557432,100000,0,286,0,0,257,30142,100000,2060840,2400000,4460840,44.608,2.789,4,28664,1221,0,0,0,257,0,0,45760,0,0,0,530448,17071,12528,682840,801792,17071,12528,286,100000,0
count7_2_5_16_32_48_64_256,7,"NODE2,NODE5,NODE16,NODE32,NODE48,NODE64,NODE256",count7_2_5_16_32_48_64_256,sparse_uint64,100000,1,0,0,0,0,lookup_success,0.003218000,100000,31.075204,100000,0,286,0,0,257,30142,100000,2060840,2400000,4460840,44.608,2.789,4,28664,1221,0,0,0,257,0,0,45760,0,0,0,530448,17071,12528,682840,801792,17071,12528,286,100000,0
count7_2_5_16_32_48_64_256,7,"NODE2,NODE5,NODE16,NODE32,NODE48,NODE64,NODE256",count7_2_5_16_32_48_64_256,sparse_uint64,100000,1,0,0,0,0,lookup_absent_early,0.002168000,100000,46.125467,100000,0,286,0,0,257,30142,100000,2060840,2400000,4460840,44.608,2.789,4,28664,1221,0,0,0,257,0,0,45760,0,0,0,530448,17071,12528,682840,801792,17071,12528,286,100000,0
count7_2_5_16_32_48_64_256,7,"NODE2,NODE5,NODE16,NODE32,NODE48,NODE64,NODE256",count7_2_5_16_32_48_64_256,sparse_uint64,100000,1,0,0,0,0,lookup_absent_late,0.002513000,100000,39.793079,100000,0,286,0,0,257,30142,100000,2060840,2400000,4460840,44.608,2.789,4,28664,1221,0,0,0,257,0,0,45760,0,0,0,530448,17071,12528,682840,801792,17071,12528,286,100000,0
count7_2_5_16_32_48_64_256,7,"NODE2,NODE5,NODE16,NODE32,NODE48,NODE64,NODE256",count7_2_5_16_32_48_64_256,sparse_uint64,1000000,1,0,0,0,0,insert,0.314866000,1000000,3.175954,1000000,0,44674,20689,2,257,94318,1000000,15134848,24000000,39134848,39.135,3.058,6,28581,44789,20689,2,0,257,0,0,7147840,6289456,1312,0,530448,27948,748,1117920,47872,27948,748,44674,1000000,0
count7_2_5_16_32_48_64_256,7,"NODE2,NODE5,NODE16,NODE32,NODE48,NODE64,NODE256",count7_2_5_16_32_48_64_256,sparse_uint64,1000000,1,0,0,0,0,lookup_success,0.137542000,1000000,7.270506,1000000,0,44674,20689,2,257,94318,1000000,15134848,24000000,39134848,39.135,3.058,6,28581,44789,20689,2,0,257,0,0,7147840,6289456,1312,0,530448,27948,748,1117920,47872,27948,748,44674,1000000,0
count7_2_5_16_32_48_64_256,7,"NODE2,NODE5,NODE16,NODE32,NODE48,NODE64,NODE256",count7_2_5_16_32_48_64_256,sparse_uint64,1000000,1,0,0,0,0,lookup_absent_early,0.034610000,1000000,28.893383,1000000,0,44674,20689,2,257,94318,1000000,15134848,24000000,39134848,39.135,3.058,6,28581,44789,20689,2,0,257,0,0,7147840,6289456,1312,0,530448,27948,748,1117920,47872,27948,748,44674,1000000,0
count7_2_5_16_32_48_64_256,7,"NODE2,NODE5,NODE16,NODE32,NODE48,NODE64,NODE256",count7_2_5_16_32_48_64_256,sparse_uint64,1000000,1,0,0,0,0,lookup_absent_late,0.069587001,1000000,14.370500,1000000,0,44674,20689,2,257,94318,1000000,15134848,24000000,39134848,39.135,3.058,6,28581,44789,20689,2,0,257,0,0,7147840,6289456,1312,0,530448,27948,748,1117920,47872,27948,748,44674,1000000,0
count7_2_5_16_32_48_64_256,7,"NODE2,NODE5,NODE16,NODE32,NODE48,NODE64,NODE256",count7_2_5_16_32_48_64_256,sparse_uint64,1000000,1,0,0,0,0,insert,0.313010001,1000000,3.194786,1000000,0,44674,20689,2,257,94318,1000000,15134848,24000000,39134848,39.135,3.058,6,28581,44789,20689,2,0,257,0,0,7147840,6289456,1312,0,530448,27948,748,1117920,47872,27948,748,44674,1000000,0
count7_2_5_16_32_48_64_256,7,"NODE2,NODE5,NODE16,NODE32,NODE48,NODE64,NODE256",count7_2_5_16_32_48_64_256,sparse_uint64,1000000,1,0,0,0,0,lookup_success,0.136479000,1000000,7.327135,1000000,0,44674,20689,2,257,94318,1000000,15134848,24000000,39134848,39.135,3.058,6,28581,44789,20689,2,0,257,0,0,7147840,6289456,1312,0,530448,27948,748,1117920,47872,27948,748,44674,1000000,0
count7_2_5_16_32_48_64_256,7,"NODE2,NODE5,NODE16,NODE32,NODE48,NODE64,NODE256",count7_2_5_16_32_48_64_256,sparse_uint64,1000000,1,0,0,0,0,lookup_absent_early,0.035861000,1000000,27.885446,1000000,0,44674,20689,2,257,94318,1000000,15134848,24000000,39134848,39.135,3.058,6,28581,44789,20689,2,0,257,0,0,7147840,6289456,1312,0,530448,27948,748,1117920,47872,27948,748,44674,1000000,0
count7_2_5_16_32_48_64_256,7,"NODE2,NODE5,NODE16,NODE32,NODE48,NODE64,NODE256",count7_2_5_16_32_48_64_256,sparse_uint64,1000000,1,0,0,0,0,lookup_absent_late,0.068872000,1000000,14.519689,1000000,0,44674,20689,2,257,94318,1000000,15134848,24000000,39134848,39.135,3.058,6,28581,44789,20689,2,0,257,0,0,7147840,6289456,1312,0,530448,27948,748,1117920,47872,27948,748,44674,1000000,0
count7_2_5_16_32_48_64_256,7,"NODE2,NODE5,NODE16,NODE32,NODE48,NODE64,NODE256",count7_2_5_16_32_48_64_256,sparse_uint64,1000000,1,0,0,0,0,insert,0.313839000,1000000,3.186347,1000000,0,44674,20689,2,257,94318,1000000,15134848,24000000,39134848,39.135,3.058,6,28581,44789,20689,2,0,257,0,0,7147840,6289456,1312,0,530448,27948,748,1117920,47872,27948,748,44674,1000000,0
count7_2_5_16_32_48_64_256,7,"NODE2,NODE5,NODE16,NODE32,NODE48,NODE64,NODE256",count7_2_5_16_32_48_64_256,sparse_uint64,1000000,1,0,0,0,0,lookup_success,0.136117000,1000000,7.346621,1000000,0,44674,20689,2,257,94318,1000000,15134848,24000000,39134848,39.135,3.058,6,28581,44789,20689,2,0,257,0,0,7147840,6289456,1312,0,530448,27948,748,1117920,47872,27948,748,44674,1000000,0
count7_2_5_16_32_48_64_256,7,"NODE2,NODE5,NODE16,NODE32,NODE48,NODE64,NODE256",count7_2_5_16_32_48_64_256,sparse_uint64,1000000,1,0,0,0,0,lookup_absent_early,0.035840000,1000000,27.901786,1000000,0,44674,20689,2,257,94318,1000000,15134848,24000000,39134848,39.135,3.058,6,28581,44789,20689,2,0,257,0,0,7147840,6289456,1312,0,530448,27948,748,1117920,47872,27948,748,44674,1000000,0
count7_2_5_16_32_48_64_256,7,"NODE2,NODE5,NODE16,NODE32,NODE48,NODE64,NODE256",count7_2_5_16_32_48_64_256,sparse_uint64,1000000,1,0,0,0,0,lookup_absent_late,0.069999999,1000000,14.285714,1000000,0,44674,20689,2,257,94318,1000000,15134848,24000000,39134848,39.135,3.058,6,28581,44789,20689,2,0,257,0,0,7147840,6289456,1312,0,530448,27948,748,1117920,47872,27948,748,44674,1000000,0
count7_2_5_16_32_48_64_256,7,"NODE2,NODE5,NODE16,NODE32,NODE48,NODE64,NODE256",count7_2_5_16_32_48_64_256,controlled_fanout,100000,1,10,10000,0,0,insert,0.009138000,100000,10.943313,100000,0,10001,0,1,39,10041,100000,1681312,2200000,3881312,38.813,5.000,5,0,10001,0,1,0,39,0,0,1600160,0,656,0,80496,0,0,0,0,0,0,10001,100000,0
count7_2_5_16_32_48_64_256,7,"NODE2,NODE5,NODE16,NODE32,NODE48,NODE64,NODE256",count7_2_5_16_32_48_64_256,controlled_fanout,100000,1,10,10000,0,0,lookup_success,0.002064000,100000,48.449615,100000,0,10001,0,1,39,10041,100000,1681312,2200000,3881312,38.813,5.000,5,0,10001,0,1,0,39,0,0,1600160,0,656,0,80496,0,0,0,0,0,0,10001,100000,0
count7_2_5_16_32_48_64_256,7,"NODE2,NODE5,NODE16,NODE32,NODE48,NODE64,NODE256",count7_2_5_16_32_48_64_256,controlled_fanout,100000,1,10,10000,0,0,lookup_absent_early,0.001754000,100000,57.012548,100000,0,10001,0,1,39,10041,100000,1681312,2200000,3881312,38.813,5.000,5,0,10001,0,1,0,39,0,0,1600160,0,656,0,80496,0,0,0,0,0,0,10001,100000,0
count7_2_5_16_32_48_64_256,7,"NODE2,NODE5,NODE16,NODE32,NODE48,NODE64,NODE256",count7_2_5_16_32_48_64_256,controlled_fanout,100000,1,10,10000,0,0,lookup_absent_late,0.001648000,100000,60.679595,100000,0,10001,0,1,39,10041,100000,1681312,2200000,3881312,38.813,5.000,5,0,10001,0,1,0,39,0,0,1600160,0,656,0,80496,0,0,0,0,0,0,10001,100000,0
count7_2_5_16_32_48_64_256,7,"NODE2,NODE5,NODE16,NODE32,NODE48,NODE64,NODE256",count7_2_5_16_32_48_64_256,controlled_fanout,100000,1,10,10000,0,0,insert,0.010130000,100000,9.871668,100000,0,10001,0,1,39,10041,100000,1681312,2200000,3881312,38.813,5.000,5,0,10001,0,1,0,39,0,0,1600160,0,656,0,80496,0,0,0,0,0,0,10001,100000,0
count7_2_5_16_32_48_64_256,7,"NODE2,NODE5,NODE16,NODE32,NODE48,NODE64,NODE256",count7_2_5_16_32_48_64_256,controlled_fanout,100000,1,10,10000,0,0,lookup_success,0.002104999,100000,47.505950,100000,0,10001,0,1,39,10041,100000,1681312,2200000,3881312,38.813,5.000,5,0,10001,0,1,0,39,0,0,1600160,0,656,0,80496,0,0,0,0,0,0,10001,100000,0
count7_2_5_16_32_48_64_256,7,"NODE2,NODE5,NODE16,NODE32,NODE48,NODE64,NODE256",count7_2_5_16_32_48_64_256,controlled_fanout,100000,1,10,10000,0,0,lookup_absent_early,0.001754999,100000,56.980084,100000,0,10001,0,1,39,10041,100000,1681312,2200000,3881312,38.813,5.000,5,0,10001,0,1,0,39,0,0,1600160,0,656,0,80496,0,0,0,0,0,0,10001,100000,0
count7_2_5_16_32_48_64_256,7,"NODE2,NODE5,NODE16,NODE32,NODE48,NODE64,NODE256",count7_2_5_16_32_48_64_256,controlled_fanout,100000,1,10,10000,0,0,lookup_absent_late,0.001689000,100000,59.206629,100000,0,10001,0,1,39,10041,100000,1681312,2200000,3881312,38.813,5.000,5,0,10001,0,1,0,39,0,0,1600160,0,656,0,80496,0,0,0,0,0,0,10001,100000,0
count7_2_5_16_32_48_64_256,7,"NODE2,NODE5,NODE16,NODE32,NODE48,NODE64,NODE256",count7_2_5_16_32_48_64_256,controlled_fanout,100000,1,10,10000,0,0,insert,0.010358999,100000,9.653442,100000,0,10001,0,1,39,10041,100000,1681312,2200000,3881312,38.813,5.000,5,0,10001,0,1,0,39,0,0,1600160,0,656,0,80496,0,0,0,0,0,0,10001,100000,0
count7_2_5_16_32_48_64_256,7,"NODE2,NODE5,NODE16,NODE32,NODE48,NODE64,NODE256",count7_2_5_16_32_48_64_256,controlled_fanout,100000,1,10,10000,0,0,lookup_success,0.002295000,100000,43.572976,100000,0,10001,0,1,39,10041,100000,1681312,2200000,3881312,38.813,5.000,5,0,10001,0,1,0,39,0,0,1600160,0,656,0,80496,0,0,0,0,0,0,10001,100000,0
count7_2_5_16_32_48_64_256,7,"NODE2,NODE5,NODE16,NODE32,NODE48,NODE64,NODE256",count7_2_5_16_32_48_64_256,controlled_fanout,100000,1,10,10000,0,0,lookup_absent_early,0.001711000,100000,58.445362,100000,0,10001,0,1,39,10041,100000,1681312,2200000,3881312,38.813,5.000,5,0,10001,0,1,0,39,0,0,1600160,0,656,0,80496,0,0,0,0,0,0,10001,100000,0
count7_2_5_16_32_48_64_256,7,"NODE2,NODE5,NODE16,NODE32,NODE48,NODE64,NODE256",count7_2_5_16_32_48_64_256,controlled_fanout,100000,1,10,10000,0,0,lookup_absent_late,0.001262000,100000,79.239313,100000,0,10001,0,1,39,10041,100000,1681312,2200000,3881312,38.813,5.000,5,0,10001,0,1,0,39,0,0,1600160,0,656,0,80496,0,0,0,0,0,0,10001,100000,0
count7_2_5_16_32_48_64_256,7,"NODE2,NODE5,NODE16,NODE32,NODE48,NODE64,NODE256",count7_2_5_16_32_48_64_256,controlled_fanout,160000,1,16,10000,0,0,insert,0.018920000,160000,8.456660,160000,0,10001,0,1,39,10041,160000,1681312,3520000,5201312,32.508,5.000,5,0,10001,0,1,0,39,0,0,1600160,0,656,0,80496,0,0,0,0,0,0,10001,160000,0
count7_2_5_16_32_48_64_256,7,"NODE2,NODE5,NODE16,NODE32,NODE48,NODE64,NODE256",count7_2_5_16_32_48_64_256,controlled_fanout,160000,1,16,10000,0,0,lookup_success,0.004588000,160000,34.873580,160000,0,10001,0,1,39,10041,160000,1681312,3520000,5201312,32.508,5.000,5,0,10001,0,1,0,39,0,0,1600160,0,656,0,80496,0,0,0,0,0,0,10001,160000,0
count7_2_5_16_32_48_64_256,7,"NODE2,NODE5,NODE16,NODE32,NODE48,NODE64,NODE256",count7_2_5_16_32_48_64_256,controlled_fanout,160000,1,16,10000,0,0,lookup_absent_early,0.003567000,160000,44.855622,160000,0,10001,0,1,39,10041,160000,1681312,3520000,5201312,32.508,5.000,5,0,10001,0,1,0,39,0,0,1600160,0,656,0,80496,0,0,0,0,0,0,10001,160000,0
count7_2_5_16_32_48_64_256,7,"NODE2,NODE5,NODE16,NODE32,NODE48,NODE64,NODE256",count7_2_5_16_32_48_64_256,controlled_fanout,160000,1,16,10000,0,0,lookup_absent_late,0.002086001,160000,76.701803,160000,0,10001,0,1,39,10041,160000,1681312,3520000,5201312,32.508,5.000,5,0,10001,0,1,0,39,0,0,1600160,0,656,0,80496,0,0,0,0,0,0,10001,160000,0
count7_2_5_16_32_48_64_256,7,"NODE2,NODE5,NODE16,NODE32,NODE48,NODE64,NODE256",count7_2_5_16_32_48_64_256,controlled_fanout,160000,1,16,10000,0,0,insert,0.019117001,160000,8.369514,160000,0,10001,0,1,39,10041,160000,1681312,3520000,5201312,32.508,5.000,5,0,10001,0,1,0,39,0,0,1600160,0,656,0,80496,0,0,0,0,0,0,10001,160000,0
count7_2_5_16_32_48_64_256,7,"NODE2,NODE5,NODE16,NODE32,NODE48,NODE64,NODE256",count7_2_5_16_32_48_64_256,controlled_fanout,160000,1,16,10000,0,0,lookup_success,0.004565000,160000,35.049291,160000,0,10001,0,1,39,10041,160000,1681312,3520000,5201312,32.508,5.000,5,0,10001,0,1,0,39,0,0,1600160,0,656,0,80496,0,0,0,0,0,0,10001,160000,0
count7_2_5_16_32_48_64_256,7,"NODE2,NODE5,NODE16,NODE32,NODE48,NODE64,NODE256",count7_2_5_16_32_48_64_256,controlled_fanout,160000,1,16,10000,0,0,lookup_absent_early,0.003607000,160000,44.358190,160000,0,10001,0,1,39,10041,160000,1681312,3520000,5201312,32.508,5.000,5,0,10001,0,1,0,39,0,0,1600160,0,656,0,80496,0,0,0,0,0,0,10001,160000,0
count7_2_5_16_32_48_64_256,7,"NODE2,NODE5,NODE16,NODE32,NODE48,NODE64,NODE256",count7_2_5_16_32_48_64_256,controlled_fanout,160000,1,16,10000,0,0,lookup_absent_late,0.003096000,160000,51.679582,160000,0,10001,0,1,39,10041,160000,1681312,3520000,5201312,32.508,5.000,5,0,10001,0,1,0,39,0,0,1600160,0,656,0,80496,0,0,0,0,0,0,10001,160000,0
count7_2_5_16_32_48_64_256,7,"NODE2,NODE5,NODE16,NODE32,NODE48,NODE64,NODE256",count7_2_5_16_32_48_64_256,controlled_fanout,160000,1,16,10000,0,0,insert,0.016566000,160000,9.658336,160000,0,10001,0,1,39,10041,160000,1681312,3520000,5201312,32.508,5.000,5,0,10001,0,1,0,39,0,0,1600160,0,656,0,80496,0,0,0,0,0,0,10001,160000,0
count7_2_5_16_32_48_64_256,7,"NODE2,NODE5,NODE16,NODE32,NODE48,NODE64,NODE256",count7_2_5_16_32_48_64_256,controlled_fanout,160000,1,16,10000,0,0,lookup_success,0.005313000,160000,30.114814,160000,0,10001,0,1,39,10041,160000,1681312,3520000,5201312,32.508,5.000,5,0,10001,0,1,0,39,0,0,1600160,0,656,0,80496,0,0,0,0,0,0,10001,160000,0
count7_2_5_16_32_48_64_256,7,"NODE2,NODE5,NODE16,NODE32,NODE48,NODE64,NODE256",count7_2_5_16_32_48_64_256,controlled_fanout,160000,1,16,10000,0,0,lookup_absent_early,0.003688000,160000,43.383946,160000,0,10001,0,1,39,10041,160000,1681312,3520000,5201312,32.508,5.000,5,0,10001,0,1,0,39,0,0,1600160,0,656,0,80496,0,0,0,0,0,0,10001,160000,0
count7_2_5_16_32_48_64_256,7,"NODE2,NODE5,NODE16,NODE32,NODE48,NODE64,NODE256",count7_2_5_16_32_48_64_256,controlled_fanout,160000,1,16,10000,0,0,lookup_absent_late,0.002115000,160000,75.650117,160000,0,10001,0,1,39,10041,160000,1681312,3520000,5201312,32.508,5.000,5,0,10001,0,1,0,39,0,0,1600160,0,656,0,80496,0,0,0,0,0,0,10001,160000,0
count7_2_5_16_32_48_64_256,7,"NODE2,NODE5,NODE16,NODE32,NODE48,NODE64,NODE256",count7_2_5_16_32_48_64_256,controlled_fanout,320000,1,32,10000,0,0,insert,0.056427999,320000,5.670944,320000,0,1,10000,1,39,10041,320000,3121312,7040000,10161312,31.754,5.000,5,0,1,10000,1,0,39,0,0,160,3040000,656,0,80496,0,0,0,0,0,0,1,320000,0
count7_2_5_16_32_48_64_256,7,"NODE2,NODE5,NODE16,NODE32,NODE48,NODE64,NODE256",count7_2_5_16_32_48_64_256,controlled_fanout,320000,1,32,10000,0,0,lookup_success,0.016517000,320000,19.373978,320000,0,1,10000,1,39,10041,320000,3121312,7040000,10161312,31.754,5.000,5,0,1,10000,1,0,39,0,0,160,3040000,656,0,80496,0,0,0,0,0,0,1,320000,0
count7_2_5_16_32_48_64_256,7,"NODE2,NODE5,NODE16,NODE32,NODE48,NODE64,NODE256",count7_2_5_16_32_48_64_256,controlled_fanout,320000,1,32,10000,0,0,lookup_absent_early,0.010185000,320000,31.418752,320000,0,1,10000,1,39,10041,320000,3121312,7040000,10161312,31.754,5.000,5,0,1,10000,1,0,39,0,0,160,3040000,656,0,80496,0,0,0,0,0,0,1,320000,0
count7_2_5_16_32_48_64_256,7,"NODE2,NODE5,NODE16,NODE32,NODE48,NODE64,NODE256",count7_2_5_16_32_48_64_256,controlled_fanout,320000,1,32,10000,0,0,lookup_absent_late,0.007197999,320000,44.456797,320000,0,1,10000,1,39,10041,320000,3121312,7040000,10161312,31.754,5.000,5,0,1,10000,1,0,39,0,0,160,3040000,656,0,80496,0,0,0,0,0,0,1,320000,0
count7_2_5_16_32_48_64_256,7,"NODE2,NODE5,NODE16,NODE32,NODE48,NODE64,NODE256",count7_2_5_16_32_48_64_256,controlled_fanout,320000,1,32,10000,0,0,insert,0.056094000,320000,5.704710,320000,0,1,10000,1,39,10041,320000,3121312,7040000,10161312,31.754,5.000,5,0,1,10000,1,0,39,0,0,160,3040000,656,0,80496,0,0,0,0,0,0,1,320000,0
count7_2_5_16_32_48_64_256,7,"NODE2,NODE5,NODE16,NODE32,NODE48,NODE64,NODE256",count7_2_5_16_32_48_64_256,controlled_fanout,320000,1,32,10000,0,0,lookup_success,0.017671000,320000,18.108766,320000,0,1,10000,1,39,10041,320000,3121312,7040000,10161312,31.754,5.000,5,0,1,10000,1,0,39,0,0,160,3040000,656,0,80496,0,0,0,0,0,0,1,320000,0
count7_2_5_16_32_48_64_256,7,"NODE2,NODE5,NODE16,NODE32,NODE48,NODE64,NODE256",count7_2_5_16_32_48_64_256,controlled_fanout,320000,1,32,10000,0,0,lookup_absent_early,0.011014000,320000,29.053932,320000,0,1,10000,1,39,10041,320000,3121312,7040000,10161312,31.754,5.000,5,0,1,10000,1,0,39,0,0,160,3040000,656,0,80496,0,0,0,0,0,0,1,320000,0
count7_2_5_16_32_48_64_256,7,"NODE2,NODE5,NODE16,NODE32,NODE48,NODE64,NODE256",count7_2_5_16_32_48_64_256,controlled_fanout,320000,1,32,10000,0,0,lookup_absent_late,0.006469000,320000,49.466686,320000,0,1,10000,1,39,10041,320000,3121312,7040000,10161312,31.754,5.000,5,0,1,10000,1,0,39,0,0,160,3040000,656,0,80496,0,0,0,0,0,0,1,320000,0
count7_2_5_16_32_48_64_256,7,"NODE2,NODE5,NODE16,NODE32,NODE48,NODE64,NODE256",count7_2_5_16_32_48_64_256,controlled_fanout,320000,1,32,10000,0,0,insert,0.050579000,320000,6.326736,320000,0,1,10000,1,39,10041,320000,3121312,7040000,10161312,31.754,5.000,5,0,1,10000,1,0,39,0,0,160,3040000,656,0,80496,0,0,0,0,0,0,1,320000,0
count7_2_5_16_32_48_64_256,7,"NODE2,NODE5,NODE16,NODE32,NODE48,NODE64,NODE256",count7_2_5_16_32_48_64_256,controlled_fanout,320000,1,32,10000,0,0,lookup_success,0.017328000,320000,18.467221,320000,0,1,10000,1,39,10041,320000,3121312,7040000,10161312,31.754,5.000,5,0,1,10000,1,0,39,0,0,160,3040000,656,0,80496,0,0,0,0,0,0,1,320000,0
count7_2_5_16_32_48_64_256,7,"NODE2,NODE5,NODE16,NODE32,NODE48,NODE64,NODE256",count7_2_5_16_32_48_64_256,controlled_fanout,320000,1,32,10000,0,0,lookup_absent_early,0.011475001,320000,27.886709,320000,0,1,10000,1,39,10041,320000,3121312,7040000,10161312,31.754,5.000,5,0,1,10000,1,0,39,0,0,160,3040000,656,0,80496,0,0,0,0,0,0,1,320000,0
count7_2_5_16_32_48_64_256,7,"NODE2,NODE5,NODE16,NODE32,NODE48,NODE64,NODE256",count7_2_5_16_32_48_64_256,controlled_fanout,320000,1,32,10000,0,0,lookup_absent_late,0.006648000,320000,48.134775,320000,0,1,10000,1,39,10041,320000,3121312,7040000,10161312,31.754,5.000,5,0,1,10000,1,0,39,0,0,160,3040000,656,0,80496,0,0,0,0,0,0,1,320000,0
